name,age,street,city,state,zip,lng,lat
Michael Wilkinson,34,019 Daniel Centers Apt. 725,Denniston,Wyoming,88717,-109.730282,-84.9975505
Nicholas Walters,19,1804 Michael Courts,New Courtney,Massachusetts,22497,166.143077,-25.874280
Rebecca Chung,39,654 Smith Estate,Henrymouth,Washington,05895,-74.051300,35.6193805
Mitchell Parker,71,95838 Joseph Squares Suite 814,New Eric,North Carolina,66618,86.662813,-70.2297595
Samantha Carpenter,70,2733 Obrien Throughway,Timothytown,Idaho,18830,-166.184598,72.721653
Theresa Lucas,26,165 Franklin Fork,Jesustown,Oregon,68686,107.105289,0.3307985
Matthew Gonzalez,57,49653 Hart Fort Suite 265,Garciaport,Mississippi,72605,-93.017066,79.7665775
Jeremy Villa,44,934 Donald Garden,North Jonathan,Washington,94711,-83.842861,-79.9444165
Jessica Curtis,79,7571 Sloan Village,Millerbury,Pennsylvania,07356,-13.836282,-22.5709685
Tara Smith,68,7361 Cynthia Squares Suite 405,Shannonmouth,Kentucky,25375,159.220048,-21.518461
John Figueroa,19,959 Marissa Islands Suite 821,Theresaview,Maine,96205,56.752447,-50.9763895
Ryan Burke,32,682 Victoria Creek Apt. 461,North Craig,Missouri,91328,159.975591,29.946282
Eric Townsend,20,70714 Paula Throughway,Moorebury,Alaska,02741,-4.270679,48.723336
Theresa Smith,28,8953 Stephanie Brook,New John,Arizona,46929,83.843774,-66.523616
Alexandra Johnson,47,23882 Zachary Stream Suite 163,South Marktown,West Virginia,45626,58.412756,86.0462765
Thomas Holmes,73,18971 Lester Island Suite 951,New Jasminefurt,Maine,05571,135.210037,48.8005175
Melissa Peterson,39,448 Jones Drive Suite 655,Nicolestad,Iowa,60617,47.395327,12.6284415
Janice Terry,72,8328 Francis Underpass Apt. 428,Taylorton,Indiana,58807,-23.314839,-60.7514035
Tasha Harrington,35,0418 Melissa Avenue,North Haroldchester,Hawaii,94934,39.628947,64.906575
Vanessa Allen,78,61481 Lawrence Groves Suite 752,East Tiffany,Virginia,15384,37.433533,-65.6969325
Angelica Hughes,25,65535 Terri Brook,Murrayville,New Mexico,27466,-128.440066,76.970552
Keith Wilson,62,7534 Devin Locks,South Brendafurt,Alaska,76542,-33.027736,69.9313095
Sabrina Evans,49,2560 Roman Groves,East Larryfurt,Colorado,01552,-169.316091,-58.267359
Ryan Russo,64,68378 Rush Plains,West Danielside,Massachusetts,29061,176.438953,-33.7589525
Mark Carroll,67,4218 Jonathan Rest,Port Marvinshire,Tennessee,45384,81.665506,7.0544085
Michael Griffin,69,9092 William Union Suite 683,Port Colinland,Hawaii,11805,115.909641,67.826628
David Williams,75,91342 Lin Grove Apt. 461,Santiagoshire,Georgia,72319,162.881345,-22.375810
Mr. Christopher Bell,32,3276 Miller Fort,South Samanthaborough,New Jersey,33399,73.548389,-33.8812135
Julie Blanchard,49,08222 Moody Glen Apt. 811,South Stephanietown,Illinois,24355,-125.668296,24.320471
Mary Taylor,66,566 Michael Rue Apt. 894,Davisview,South Carolina,59709,-35.387178,-53.4903545
Karen Sanchez,75,521 Grant Locks Suite 030,Andersonville,Pennsylvania,01508,-2.389363,50.903397
Tanya Roberts,38,889 Kelly Lights,Christineberg,Virginia,58466,-153.074359,77.9982265
Frank Aguilar,22,912 Gray Wall,Port Sarachester,Montana,83673,118.480697,-55.802800
Jeremy Novak,75,8004 Timothy Burg,New Craigside,California,43093,-129.872417,59.4276945
Jennifer Bass,51,951 Katrina Path,New Sara,Oklahoma,86385,37.277629,8.698579
Rodney Ryan,73,81166 James Lakes Apt. 412,Moranstad,Utah,34031,124.913602,87.645836
Andrew Sandoval,63,3949 Thornton Corners Suite 712,Austinton,Pennsylvania,66189,-27.891926,-25.232372
Paul Kirk,64,89376 Simmons Keys,Youngview,Wyoming,82479,23.004227,-84.629435
Jason Salazar,44,826 Coleman Hills,Roblesview,Colorado,32408,80.223910,-17.5083875
Raymond Franco,36,46076 Anthony Courts,Teresaburgh,South Dakota,89712,-117.924578,4.3713395
Wayne Brown,40,8059 Webb Dale Apt. 079,Christophermouth,Texas,02545,175.486583,-51.409865
Daniel Forbes,42,97892 Wells Route Apt. 788,West Kimberly,Massachusetts,71154,176.946963,-36.587440
David Smith,68,6579 Higgins Stravenue,Mikefort,Maine,37082,172.302428,78.704755
Kimberly Dixon,21,0907 Phillips Stream Suite 971,Port Patrickbury,North Dakota,20770,168.957087,34.7002805
John Perez,57,543 Chase Meadow,West Brent,Minnesota,72554,-176.590482,-83.7061595
Karen Sullivan,45,83945 Michelle Brooks,East Ericmouth,Vermont,75857,-156.197554,5.618427
Jill Berger,76,768 Holland Lodge Suite 520,New Jordan,North Carolina,84662,-142.602875,11.286949
Regina Combs,20,33174 Gail Trafficway,Wrightborough,Massachusetts,08791,34.396679,-65.9032315
Brittany Mitchell,18,439 Kimberly Spurs Apt. 628,Port Joelville,North Carolina,64545,-172.861141,87.904696
Terry Stevens,27,93175 Long Parkways,Nathanport,Utah,72807,146.216025,16.191733
Jonathan Stewart,60,9564 Maldonado Ridge,Laurenhaven,Texas,60947,-131.702644,-77.126966
Kelly Ramirez,21,31307 Toni Avenue Apt. 322,Powellburgh,Vermont,41172,163.744064,-30.6519235
Ryan Coleman PhD,43,15472 Walter Summit Suite 736,North Anitaview,Nebraska,40833,50.648397,76.8739895
Zachary Cannon,18,3538 Stephanie Shoals,Erikstad,Pennsylvania,21799,124.007940,59.8539535
Craig Gonzalez,19,8048 Thompson Haven Apt. 133,East James,Hawaii,37152,58.622070,44.7430275
Chelsea Simmons,39,9823 Pace Way,Clarkside,Ohio,15166,153.634854,-69.563473
Pamela Evans,29,6716 Ortiz Pines Suite 538,South Pamela,West Virginia,18184,140.559048,6.5681485
Rachel Cameron,53,014 Lynch Lake,Port Kari,Mississippi,17350,87.577744,-28.6006475
Mrs. Caitlin Nicholson,39,8763 Buchanan Stream,Port Darrenside,Indiana,40190,-16.327593,-57.7062565
Alexander Olson,57,661 Russell Tunnel Apt. 029,West Brendaburgh,Connecticut,55536,77.330044,-30.1966985
Miguel Fletcher,48,631 Kim Forges,Lake Melissafort,Alabama,31689,88.525880,-27.6908185
Stephen Benson,50,51380 Lopez Station Suite 442,North Brittanychester,Virginia,90914,93.010077,2.5556075
William Lucas MD,66,31353 Flores Tunnel,Williamsborough,California,63592,-88.135404,-58.961070
Theodore Grimes,24,12557 Mary Stravenue,Turnerburgh,Montana,05183,7.938965,12.6991555
Holly Bryant,20,258 Adam Centers,East Gregorybury,Missouri,31543,61.576644,52.6622815
Timothy Morgan,61,181 Bryan Spring,Timothyside,Oregon,18758,-162.234869,-11.682659
Taylor Jones,74,56684 Katherine Mount Suite 589,North Taylorbury,Utah,77922,-11.928047,-8.0269345
Mark Harrington,20,42564 Cook Harbors,Port Lee,Missouri,31573,64.705868,-81.7005315
Peter Alexander,45,71423 Barbara Lodge,Timothyview,Louisiana,05215,136.850867,55.8530875
Paul Caldwell,27,362 Gutierrez Expressway Suite 539,Rogerberg,Wyoming,95315,-176.261616,-72.775825
Vanessa Miller,72,3124 Samantha Square,Jamiechester,Alabama,94747,89.924492,70.136866
Angela Rowland,59,266 Smith Harbors,Port Claudia,Maine,92741,-14.626518,41.765919
Alexandra Berry,72,483 Dunn Fields,North Stevenside,Wisconsin,93805,166.726388,49.554529
Joel Perez,76,981 Curtis Lodge,Lewisport,Idaho,86899,78.006014,64.2506025
Kimberly Hawkins,35,87534 Mcclure Prairie,Lorishire,Idaho,98414,-155.657421,-88.0904535
Margaret Garner,36,2964 Jennifer Islands,Port Sarahstad,Florida,65687,-18.473842,33.214636
Elaine Harris,71,56149 Brenda Mountains,South Tyler,New Mexico,79242,-3.661575,84.2293775
William Smith,71,28427 Daniels Vista,Reillymouth,Pennsylvania,74016,-175.189526,33.8512245
Mariah Lopez,49,66508 Traci Viaduct Apt. 117,East Donna,Texas,86604,175.648533,36.445072
Timothy Hopkins,64,5991 Roberts Falls Apt. 822,West Deniseport,New Jersey,73148,104.073086,-83.857753
Matthew Mendez,50,8532 Franklin Estate Suite 967,North Vincentbury,North Carolina,28773,126.166280,2.3089635
Cynthia Pope,40,520 Crawford Lane Apt. 808,Stephenport,Connecticut,65698,-2.609425,-65.516585
Mary Dalton,58,420 Daniel Crescent Apt. 213,Lake Monica,Rhode Island,18517,-77.490985,15.802553
Mr. Jeffrey Chang MD,44,076 Natalie Groves,Port Williamtown,Oregon,68784,33.677865,16.8747085
Allen Small,38,58876 Jensen Mountains,Port Kathy,Wisconsin,57597,-132.016531,23.833237
Sharon Hawkins,49,552 Mills Causeway,Lake Lisaborough,California,09538,135.789572,-76.878953
Natalie Hanna,39,369 Ronald Plaza Suite 171,Micheleberg,Idaho,16532,20.905491,11.981868
Krista Kelly,25,4448 Barnes Vista,Alexanderville,Illinois,18346,131.767263,73.8010425
Andrew Gallagher,61,256 Ortiz View,East Jenniferland,Montana,12992,-77.143760,-36.334532
Mrs. Caroline Durham,79,0849 Diana Turnpike Apt. 958,Douglasfort,Delaware,34871,47.294555,-85.726295
Nathan Taylor,51,4858 Harris Crest Suite 204,Austinchester,Hawaii,52727,-65.170122,41.2048275
Katherine Wood,25,932 Hunt Lane,Port Tiffany,Oklahoma,91814,102.037549,19.876066
William White,75,400 Chapman Road,Nicholasshire,Colorado,90302,21.490391,-9.727042
Amy Meyer,47,554 Rowe Forks,Terrychester,Louisiana,95196,101.625863,60.4645435
James Moore,62,35128 Maria Squares,Jamesshire,North Carolina,70745,-18.861958,-31.723782
Clayton Warner,55,0113 Michele Extensions Apt. 242,Jerrymouth,Alaska,52852,-55.874268,-84.897753
Jacob Snyder,80,1440 Kaylee Mountains Apt. 083,Port Richardborough,Wyoming,37846,-122.522190,-34.729386
Veronica Smith,60,1143 Villa Turnpike,Parsonsburgh,Minnesota,91526,16.934314,-81.733937
Nicholas Powers,21,644 Bass Circles,Norrischester,Arkansas,89951,119.778557,50.5857525
Barry Castillo,44,0650 Sean Court Apt. 698,Lake Christopher,Virginia,65283,-63.368385,53.668260
Paul Leon MD,64,87459 Wong Port Apt. 894,Michaelhaven,Alabama,54444,-82.956814,-39.543184
James Mcdonald,20,0703 Li Inlet Suite 185,Greenstad,Ohio,53939,127.555179,32.676407
Christina Gardner,55,2339 Hill Lake,North Deborahfurt,Delaware,17679,10.262463,-21.5393115
Daniel Long,42,302 Austin Squares Apt. 303,North Jadeland,Mississippi,77663,-29.472693,68.7886475
Danielle Shelton,60,67284 Patterson Shore Suite 093,Michelleburgh,Nevada,36301,60.328389,-18.7645205
Megan Wang,80,658 Boyd Rue,Padillamouth,North Carolina,49841,-79.002082,36.745715
Stephanie Brown,69,1325 Johnson Ridges Apt. 507,East Daniel,New Mexico,15121,69.624124,-78.3618465
Matthew Holmes,60,595 Christy Shoals Apt. 949,Kennethville,Iowa,58611,88.380304,-13.1165635
Heather Ho,47,8674 Martinez Track Apt. 964,South Roberto,Ohio,10391,23.698053,-0.947809
Sherry Hernandez DDS,44,98379 Amanda Alley Apt. 371,Richardsport,Alaska,54042,-126.613654,68.909974
Christopher Valdez,53,3613 Hernandez Harbors,Ronaldland,Florida,32304,-122.939939,-69.245054
William Carpenter,47,67798 Richards Harbors,Joshuafurt,New Mexico,44577,108.038033,17.4085845
Garrett Lopez,23,7634 Sherry Branch Apt. 834,New Joshuaberg,Texas,28521,141.119524,11.589721
Randy Moore,70,757 Mendez Lock,Port Jennaside,South Dakota,33430,-3.092302,-13.829277
Caroline Rodgers,29,894 Green Unions Suite 457,Port Timothyborough,Montana,57557,-60.800872,-34.9270855
Laura Carr,49,7556 Brown Drive Apt. 498,Jenniferview,Nevada,53741,-153.709989,-55.521233
Jill Brandt,60,83690 Rivera Estates Suite 181,Nicoleshire,California,99417,-36.678726,71.5101505
Anthony Gilbert,35,9692 Jason Fords Suite 999,Dillonbury,Oregon,68167,41.677985,-64.261198
Jennifer Conner,66,44722 Gallagher Tunnel,South Samanthahaven,Illinois,38984,160.383183,-70.8383005
Andrew Arias,22,446 Burns Island Apt. 167,North Donna,Oklahoma,28323,-10.818819,-2.721709
Jaime Beck,29,546 Christopher Manors,New Donald,Pennsylvania,32915,142.476263,-89.521934
Brianna Robbins,65,117 Todd Plains Suite 982,Aprilfurt,Alabama,60835,-12.705458,-27.032050
Shelly Hawkins,79,7143 Marissa Hill Apt. 468,Lake Emilyside,California,95537,-18.589302,-79.1887325
David Gibson,20,2638 Burke Tunnel,West Charlotte,Vermont,18706,-105.828918,-34.257421
Christy Holloway,74,90950 Knight Island,Lake Anthonyburgh,Illinois,11253,-130.970613,-41.5168845
Jennifer Hartman,28,561 Brittney Coves Suite 954,Ianberg,Missouri,51190,-121.707056,61.398747
James Johnson,26,480 Daniel Forks Suite 213,New Laura,Tennessee,08844,-158.676691,-2.4611475
Daniel Martin,52,93427 Walker Plaza,Myersborough,California,49449,143.844249,9.7075405
Tammy Gray,36,3126 Jimmy Drive,Lake Yolanda,Oregon,07473,105.690905,-81.436889
Danielle Hill,72,1748 Gonzalez Valleys Apt. 681,Jeffreymouth,North Dakota,56813,10.105427,61.384768
Lisa Mcgee,56,1375 Tracy Lights Suite 741,Meyerbury,Ohio,23987,-170.574528,-10.721775
Allison Gray,54,75008 Barton Island Suite 763,West Alexandra,New Mexico,16925,13.807509,81.8761555
Maria Mcpherson,77,17787 Carr Brooks,Lake Johnberg,Alaska,76601,22.941228,29.013813
Mr. William Mullins Jr.,75,22803 Colon Stream Suite 275,Hallville,Illinois,67621,67.368359,-65.1936085
Bonnie Chandler,46,0327 Elizabeth Gateway,Dickersonport,Tennessee,36482,175.208791,-65.817938
Jeffrey Bell,72,253 Timothy Manors Suite 454,Coletown,New Hampshire,14513,-80.172844,67.3281305
Sabrina Mason,71,94727 Carr Isle Apt. 356,Serranoburgh,Texas,55374,-39.104044,-4.2590985
Brian Nelson,45,416 Craig Mall,South Jayview,Wyoming,57154,-56.674318,-49.933356
Ryan Love,76,59711 Bond Prairie Suite 630,Lake Davidchester,Washington,60210,-57.207722,15.741120
Donna Gibbs,53,8183 Miller Plain Apt. 471,South Davidmouth,Maryland,71321,-46.509006,86.4249835
Teresa Stewart,61,744 Wood Hollow,Russellfort,Rhode Island,80371,-178.601718,87.541517
Sarah Cooke,61,7648 Preston Tunnel,New Michael,Michigan,55034,53.271088,-28.633461
Meagan Massey,25,89404 Rios Way,New Jennifer,Nevada,80414,-104.504478,66.9751365
Suzanne Alexander,46,9022 Morgan Trail,New Monicaville,Louisiana,06587,-84.321679,-2.0810825
Samantha Vega,44,7002 Mark Isle,Smithburgh,Arkansas,97374,-10.252107,-61.808024
Laura Delgado,61,92327 Ashley Manor,West Marcus,North Dakota,52877,73.028711,51.580737
Wendy Barnett,73,831 Davis Key,East Evelyn,Indiana,74307,117.899509,-22.4641005
Casey Fisher,31,4063 Wolfe Shores,Port Robertside,Utah,92288,29.435646,88.4461945
Tyler Kaufman,78,06981 Porter Burgs Apt. 754,East Seanville,Connecticut,80615,-7.742920,83.0872125
Thomas Quinn,80,985 Jordan Pike,Armstrongborough,Wisconsin,75107,11.566284,80.744850
Victoria Howard,51,92541 Davis Wall,South Jared,Virginia,65644,-158.076821,-70.4419015
Timothy Mccullough,26,7803 Hill Spring Suite 806,West Michaelstad,South Carolina,08702,15.029752,-58.0685795
Kelly Fritz,53,771 Carter Spring Apt. 846,North Micheleside,Florida,62863,125.716579,40.3047385
Nathaniel Bowman,57,17542 Lori Pike Apt. 533,Kathrynville,Maryland,88820,-157.573467,-63.1845055
Natalie Williams,59,8722 Lori Mews Suite 177,Rodriguezland,Tennessee,72664,-158.771934,-39.350519
Steven Park,55,08878 Robert Fork Apt. 434,Mooremouth,New York,16720,125.344251,24.8257125
Mary Rodriguez,54,783 Terry Brooks,South Brianaview,Texas,56248,144.491256,8.8953485
Jeremy Smith,43,5016 Angela Port,Port Lisashire,Indiana,64099,-100.048617,-35.7159045
Gabriel Schmidt,64,411 Benson Drive Suite 454,East Michelle,Alabama,52318,-175.922775,-49.808614
Mr. Victor Daniels,46,199 Lisa Haven,Zacharymouth,Utah,09045,-45.340268,3.8357685
Sarah Hobbs,80,619 Herman Junctions,Michaelview,New Jersey,34969,40.076665,83.719957
Tara Martinez,35,41564 Kenneth Alley Suite 267,Mccallton,California,96582,155.630364,-61.731130
Vincent Andrews,38,60301 Lynn Lodge,New Stephen,Arkansas,13106,-10.739487,-76.0854885
Cody Murphy,25,444 Dunn Plains,Coxtown,Mississippi,37019,7.283209,7.7379285
Joy Johnson,77,3559 Cody Points Apt. 892,North Micheleview,Colorado,46247,10.350453,81.690177
Doris Johnson,60,095 Abigail Well,Brianfort,Nevada,22307,-10.547237,76.4520865
Theresa Moran,49,631 Chelsea Port,New Robert,Pennsylvania,12380,67.231514,29.115312
Kevin Giles,69,0134 Sutton Fork Suite 209,East Bailey,Arkansas,85037,-138.598110,80.779649
Steven Smith,48,626 Pamela Run,South Joel,Mississippi,15497,-70.442973,-38.1896655
Luis Williams,31,170 Regina Station Suite 885,Jacksonchester,Connecticut,33089,-173.668790,-80.722872
Gina Lee,42,5539 Berg Causeway,Hollybury,Missouri,26343,-84.750445,-56.652839
Emily Martinez,76,413 Hector Club,Blackport,Rhode Island,65371,97.834293,49.7058305
Nicole Campbell,34,92791 Barry Lane Suite 285,Christinaland,New Hampshire,16993,-16.490786,-6.8580595
Laura Hurley,47,312 Newton Turnpike,North Donna,North Carolina,96000,-67.402545,59.948105
Sheri Rojas,22,726 Martinez Flat Suite 451,West Gregory,Washington,96355,-2.489782,79.3675685
Emily Ryan,43,0089 Earl Divide,Michelleville,New Mexico,35749,-170.062200,-50.955505
Jacqueline Baxter,41,41881 Johnson Fields Apt. 226,New Chelsea,Georgia,43066,-68.382725,86.453078
Judith Turner,57,29818 Turner Falls,Samanthastad,Connecticut,97160,-5.767153,2.500628
Brenda Gray,68,44677 Andrea Rapids Suite 174,Lake Laura,Maryland,68192,109.691982,-59.864529
Jennifer Berry,51,38828 Duarte Rest,Beckyport,Arizona,44360,163.318565,8.299336
Dr. Anthony Hernandez IV,41,678 Larson Branch,West James,Hawaii,40904,-113.954919,-0.9037975
Kelly Washington,28,71489 Jerry Brook,Lake Heatherton,Indiana,56149,-142.197435,-26.9859685
Mr. Kevin Hamilton,62,929 Martin Station,Port Jeffreytown,Delaware,92874,-141.457055,-60.165462
Tara Johnson,65,5917 Lee Creek Apt. 288,New Hollymouth,New York,56292,114.678110,-5.8959525
Michele Bell,74,9101 Charles Brook,Lake Heather,Montana,23463,-129.629067,-27.257483
Rachel Lee,57,44676 Brian Mount,South Wendy,Florida,76237,11.606329,23.8115445
Patricia Fischer,56,54470 Gregory Manors Apt. 549,Isaiahbury,Oklahoma,14971,167.220085,-57.5693415
Antonio King,51,8780 Perry Landing Suite 200,East Jason,Kansas,84828,-46.257358,-89.2565025
John Pruitt,51,59552 Bates Lane Apt. 273,South Jacquelineview,Minnesota,73554,119.758287,0.849007
Michelle Thomas,45,90379 Gary Curve Apt. 344,Lake Kimberlyland,California,13060,-28.301590,-44.842487
Kristen Carter,52,28579 Joan Island Apt. 552,Mcfarlandside,Maryland,17673,-145.567292,61.9873715
Mercedes Wilson,31,4523 Jill Knoll Apt. 453,Howardberg,Illinois,07745,-98.793282,-83.2390075
Derek Romero,50,4812 Alan Parkways,North Rachelville,North Dakota,12141,-106.810155,-13.8188345
Sarah Jones,27,94869 Stevenson Walks,Thompsonfurt,Hawaii,40088,69.846053,-8.399412
Richard Mendoza,54,1452 Owen Ports,Perezville,Nebraska,36271,-29.928739,-84.959547
Kimberly Martin,37,151 Erica Dam Apt. 473,East Matthew,Ohio,81335,-141.503251,-68.8835265
Matthew Schneider,35,813 Justin Forges Apt. 410,Brendaport,Utah,76845,59.228068,-67.2836125
Thomas Barnett,25,173 Thompson Street Suite 271,Port Crystalfurt,Wyoming,11619,-179.976060,-51.429672
Mary Duarte,59,929 Lucas Motorway,Willisland,Nevada,86370,-83.407919,-32.959045
James Brennan,71,1726 Sandra Light Apt. 366,West Williammouth,Missouri,21691,-124.101391,27.026100
Jennifer Wells,74,80249 Dennis Radial Apt. 554,Mikeside,West Virginia,03981,42.662377,-77.296231
Danny Ray,42,42204 Christopher Divide,New David,California,63283,-176.532978,23.6152705
Linda Hawkins,44,3352 Perkins Pass,North Whitneyburgh,Arkansas,11619,-35.638268,-14.856744
Amber Bowers,35,807 Reid Turnpike,Victoriashire,Georgia,58889,155.301341,76.0596915
Paul Gross,40,083 Taylor Lake Apt. 925,South Michael,Connecticut,40586,84.501044,-13.4647435
Ashley Tucker,61,882 Clark Course,Geoffreymouth,Michigan,93760,-168.188025,29.435026
Christine Gonzales,64,57699 Deborah Plains Suite 094,Port Matthewfort,West Virginia,91533,-161.471843,-3.9663915
Susan Rodriguez,37,5188 Gonzales Wall,Wardfort,North Carolina,22310,-174.985612,38.582396
Jonathan Harrell,34,067 Lynch Flats,Watsonville,New Hampshire,41201,43.870252,-58.590534
Felicia Armstrong,66,988 Jennifer Creek,Heathermouth,Virginia,81524,-36.422153,-53.764971
Victoria Morales,73,597 Munoz Villages Apt. 211,Caldwellview,Wyoming,01873,179.536483,2.459138
Jordan Ramsey,65,51057 Booth Parkway Suite 626,Mcintyrefort,Idaho,71928,61.941717,-32.0237405
Ryan Spencer,70,18844 Daniel Trail,Mullentown,Iowa,32197,-161.507249,3.8821105
Terrence Gonzalez,57,418 Stephen Avenue,Port Isaac,Oregon,47499,-174.260573,67.7550155
Johnny Johnson,67,79057 Thompson Turnpike,North Laura,South Dakota,76671,-68.455435,-67.9465615
Eric Peterson,51,2612 Vega Cliffs Suite 624,Millershire,Indiana,39008,36.327350,33.278182
Reginald Parker,50,872 Ray Fall,Port Willieburgh,Wisconsin,04130,111.678988,-30.166992
Luis Weaver,40,4167 Lynn Lodge Apt. 073,Steeleburgh,West Virginia,60907,12.608104,59.0084195
Samantha Osborne,62,64036 Ortiz Crossing,Ericaborough,New Mexico,58107,-113.310841,52.1129845
Michael Garcia,58,25363 Todd Expressway Suite 355,Jonathanhaven,Oregon,77791,47.060985,45.122596
Connor Newton,60,514 Avery Ridge,Hernandezborough,Florida,92372,-144.663526,-29.9569015
Jennifer Mcdowell,70,49315 Perry Burg Apt. 696,Port Stephen,South Dakota,48924,-179.366274,12.5668725
Anthony Soto,40,88654 Emily Harbors Apt. 120,Brookemouth,Missouri,24368,-108.470386,-85.1727335
Angela Gardner,19,542 Salas Highway,Hillstad,Wisconsin,50645,-130.350327,-52.5757065
Maurice Harris,77,680 Adkins Glen Apt. 334,Lake Kerrifurt,Rhode Island,32898,79.798557,85.902016
Jeffrey Mercado,21,556 Shane Common Suite 865,Garciabury,Michigan,16002,127.852305,-11.2502395
Rebecca Nguyen,40,003 Martinez Stravenue,Atkinsonside,Louisiana,56213,151.426039,-39.8743355
Stephanie Carter,70,38547 Alan Curve,Mauriceberg,Mississippi,27985,-49.736713,-17.766820
Sarah Newman,62,61979 Greg Rapids,Hannahview,Minnesota,24006,165.780497,88.544715
Kelly Lewis,38,7516 Stein Point Suite 788,Grantbury,Arkansas,19734,-136.120818,61.1836875
Brooke Ochoa,61,6809 Richard Trace Suite 326,Coxfort,Massachusetts,11320,-39.207765,-77.818185
Kenneth Jones,55,96615 Baker Creek,Margaretfurt,Arizona,40259,57.747874,-77.167296
Robert Cowan,57,3793 Debra Manor,Davidmouth,Wyoming,62467,130.962241,-6.2460925
Zachary Richardson,36,659 Daniel Trace,Lake Josephton,Arizona,32017,113.452566,-13.6776075
Angela Nunez,69,150 Jennifer Coves,Adamside,Delaware,79184,175.697017,-60.7593005
Tiffany Roman,74,94851 Chris Throughway Apt. 706,New Lauren,Michigan,82791,51.116734,41.291149
Richard Reid,35,0405 Edward Hollow,Edwardmouth,Illinois,37237,-91.715291,0.306818
Mia Brady,61,7139 Madison Summit Apt. 407,West Heidi,Wisconsin,40112,-87.723083,24.5591915
Crystal Allen,32,6414 Jeff Way Suite 381,Pattersontown,Michigan,12060,107.601669,75.9983495
Amanda Velez,45,62498 Shah Lodge,South Michael,Pennsylvania,52728,-130.092227,24.889976
Christopher Watson,58,09262 Patricia Views Suite 621,South Michelle,North Carolina,96002,69.332369,-80.833457
Erica Richmond,34,23000 Jason Dam,Briggston,Pennsylvania,22032,48.996356,34.2999785
Tammy Thompson,30,636 Joseph Highway Apt. 608,Charlesport,Alabama,08618,41.132724,56.4058355
Mark Ramirez,22,50398 Evans Fork,South Annburgh,Utah,24043,-163.324371,44.2982125
Jessica Thompson,45,85229 Hill Inlet,Ellistown,North Dakota,90178,-97.005008,-62.587308
Elizabeth Mclaughlin,41,73437 Charles Park,North Christinehaven,Georgia,96595,-165.267815,-8.577532
Jennifer Brown,68,454 Lopez Viaduct Suite 113,South Kathyfurt,Colorado,24805,-15.280147,-69.587209
Ashley Rojas,33,9281 Mueller Mews Suite 605,Lake Kathrynton,West Virginia,92925,4.537993,38.1936925
Micheal Watson,25,175 Heath Ville,Paulton,New Hampshire,44838,73.768328,-10.195885
Sharon Williams DDS,20,672 Black Creek,Donaldside,Maryland,57198,-159.413950,22.9585755
Michael Williams,49,4376 Lisa Rapids Suite 758,Joannachester,Arkansas,63270,-25.481255,-47.0556965
Beth Mcfarland,42,481 Joseph Garden Suite 212,West Scottton,Colorado,55209,77.125349,-87.2217235
Julia Palmer,60,038 Rivera Brook Suite 571,Michaelmouth,Alaska,38744,-83.858503,-59.2036805
Robert Smith,46,5877 Mason Squares Apt. 557,Port Lesliefurt,Washington,92437,-126.623610,19.3375685
Joel Casey,29,366 Jose Overpass,West Laura,Minnesota,71104,128.387768,67.162590
Jennifer Jordan,78,734 Anderson Wall,Destinyshire,Oregon,71145,139.649829,-85.2549855
Jose Johnson,78,19837 Alexander Parks Apt. 329,Browntown,California,66800,-75.605749,-48.736242
Samuel Hutchinson Jr.,52,66807 Li Island,New Destiny,Maine,61940,-61.855528,24.0718945
Monica Adams,28,38118 Anderson Village Suite 720,Daviston,North Carolina,68157,59.672857,-79.5401835
Kristopher James,55,9370 Garcia Mountain Suite 345,North Williamfurt,Michigan,61411,-34.415449,-76.769805
Erica Miller,22,0404 Timothy Crossing Suite 250,Melissamouth,Rhode Island,02828,-101.015090,8.9939255
Elizabeth Gould,62,793 Anderson Course,Simsmouth,Wisconsin,61759,135.183533,-39.448190
Deborah Jackson,37,14075 Davis Circles,Loganchester,Colorado,41572,-75.527911,-2.1767755
Aaron Martinez,22,323 Kim Overpass Suite 223,West Johnshire,Mississippi,88103,47.723800,-68.3568125
Kent Morgan,49,783 Perkins Ramp,Kelleyview,Florida,57957,94.008182,86.417814
Hailey Green,72,30341 Carlos Trace Apt. 197,Robertbury,New Mexico,10264,-113.778407,85.4887025
Anthony Sanders,21,69322 Smith Ville,Vasquezview,Kentucky,68436,-115.697815,-68.1155195
Darlene Jones,48,8005 Jennifer Groves Apt. 518,Changport,Oklahoma,84742,-18.580870,-12.768924
Carl Chavez,58,030 Raven Springs,Jenkinstown,Arizona,06197,113.446027,44.590814
Randy Gordon,76,5287 Thomas Path,North Troyborough,Louisiana,56947,-173.652327,-21.456985
Brett Willis MD,54,86810 Linda Turnpike,Derricktown,New Mexico,04976,166.730644,38.686231
Kevin Weber,60,9555 Michael Fords,Amberside,Minnesota,57028,32.898646,32.7248705
Raymond Schroeder,61,9176 Michael Stream Suite 437,Gouldborough,California,25478,76.333050,-41.6346265
Kim Marshall,43,90998 Green Landing Apt. 925,South Ryan,Hawaii,38704,-95.943048,-84.1817525
Kathleen Hughes,41,523 Rebecca Walk,Clarencehaven,Indiana,24086,16.457890,-22.737598
Patricia Harrington,54,19657 John Mission,Port Jennifermouth,Colorado,63510,104.497264,-88.294795
Aaron Ramirez,24,911 Yang Corners,Theresaville,Alabama,19050,-33.395397,-63.0339255
Sherry Good,19,45519 Villanueva Groves,Lake Christopherfort,Maine,06932,9.872575,84.9198825
Michael Moore,58,49040 Anderson Lane,Eileenchester,Indiana,74199,-174.943583,-35.132546
Scott Bernard,36,82657 Juan Way Apt. 507,Lunachester,Idaho,75632,-88.738189,-61.775536
Christina Sparks,47,5902 Jorge Spring Apt. 537,New Coreyport,North Dakota,25950,-162.230234,87.494567
Teresa Shaffer,55,5212 Stewart Plains,Port Melissa,South Carolina,63984,-86.374716,48.402915
Nicholas Brown,79,37633 Deborah Gardens,North Aaronbury,Maine,69564,157.523814,50.608594
Sheri Mitchell,48,669 Martin Grove,Port Carlosview,Florida,40390,-14.544248,-29.9669385
Andrew Watts,80,2283 Autumn Corner,Valentineland,Kansas,36432,136.528563,-37.065999
Hunter Rowe MD,64,227 Larry Center Apt. 206,West Noahburgh,Massachusetts,84571,-123.725563,-55.409257
Veronica Juarez,38,739 Stephenson Plaza Suite 165,Cameronburgh,Illinois,05519,51.804934,-65.5149935
Isaiah Chen,27,72461 Berger Divide,Reedview,Alaska,86877,166.105309,86.8695495
Cheyenne Gilbert,80,93719 Shannon Via,Candiceburgh,Iowa,12199,-158.061019,-48.881587
Brian Smith,45,6590 Robinson Way,Cordovahaven,New York,85063,-147.840573,-70.8157355
Laurie Torres,32,0639 Ann Crossing Suite 561,South Jacobton,Kentucky,19746,97.763741,-33.009332
Joyce Palmer,45,01833 Peters Parks Apt. 690,Lake Daniel,Maryland,46071,4.892946,62.373425
Christopher Gordon,36,65031 Brown Courts,North Jared,Minnesota,26859,80.136190,55.1817405
Mr. Kenneth Castro,37,08039 Wilson Brooks Suite 748,Lake Meganfurt,Arkansas,79470,63.110625,81.3609925
Thomas Smith,56,5622 Samuel Pike,East Vincent,Indiana,54774,176.084183,-80.4094315
William Taylor,75,0710 Patrick Junctions Suite 480,Port Franktown,Iowa,53625,-126.125504,-18.7543255
Laura Mendez,53,4510 Campbell Spring,Rojasside,Arizona,72326,-37.989473,59.9212355
Jeffrey West,42,80731 Melton Fort,Amyborough,Connecticut,70413,6.174853,14.637545
Wesley Barnes,46,6510 Knox Via,Adamfurt,Wisconsin,57125,161.089995,30.3958435
Troy Mann,34,40243 Smith Ferry Apt. 742,West Mallory,Maine,82826,86.249551,52.875459
Amanda Vaughn,27,331 Butler Inlet,North Brandon,Tennessee,01792,-66.372709,-24.899624
Mrs. Julie Wolf,41,09403 Owens Squares,Michelletown,Indiana,01612,-80.759744,-35.359798
Sherry Hall,58,31850 Gray Garden,Carrmouth,North Carolina,19967,11.001628,24.2841745
Robin Padilla,60,605 Michael Extension Apt. 429,East Robert,Michigan,30217,6.093901,-26.9794945
Mr. Ronald Stephens,74,2641 Elizabeth Glen Suite 925,East Jessicaburgh,Mississippi,99237,-34.559010,12.270853
Kerry Fernandez,42,378 Julia Plains,South Cynthiaside,Arkansas,74410,-160.144463,-73.9711845
Katie Bowers,41,635 Newman Branch Suite 919,Clarkfurt,Massachusetts,03187,-79.155646,-23.6991885
Zachary Hall,78,58322 Mullins Viaduct,North Adriana,New York,16976,-130.979683,-61.806966
Judy Bradley,43,9550 Diane Lodge,East Julia,Georgia,50107,48.946172,-80.8619835
John Reeves,47,8166 Bryan Flats,New Michael,West Virginia,26730,22.134854,11.3774915
Kelly Koch,37,64924 Oliver Row,East Dawnbury,Nebraska,75170,-89.770683,-71.635931
Jeremiah Zimmerman,42,331 Snyder Rue,Wilsonborough,Missouri,82006,-90.128680,-75.8631055
Mr. Brian Davis,32,5214 Hill Street Apt. 980,Garciaton,Mississippi,92509,-11.593550,-64.630268
Dr. Tammie Drake DDS,69,274 Ethan Loop,Kennethstad,West Virginia,31775,34.280280,39.012607
Ivan Parks,55,73531 Miller Hill,New Emilyberg,Texas,43259,163.804542,2.2093875
Michael Hill,63,990 Tate Heights Suite 878,South Jessica,Indiana,58166,3.902629,-43.0308965
Lauren Schroeder,42,020 Michelle Tunnel,Port Seth,Alabama,24186,98.064437,60.0824985
Katherine Richard,33,22859 Smith Mission,Williamsport,Nevada,63828,-47.155435,33.332786
Robyn Deleon,76,980 Teresa Place Suite 353,Douglasland,Minnesota,20250,-72.681254,6.119719
Claire Hall,56,103 Amy Ramp Apt. 547,Destinystad,Ohio,69284,-64.827918,16.333632
Trevor Martinez,26,8659 Villarreal Ridges Suite 110,New Jeremystad,Ohio,93267,-116.547798,-17.203164
Christine Wood,67,22970 Allen Locks,Shannonborough,Wyoming,53966,176.010231,17.7891755
Sharon Cruz,31,510 Robinson Plain,Gutierrezland,Louisiana,28023,-52.886887,42.994341
Mark Edwards,32,8800 Rodriguez Shore Apt. 550,New Jessicamouth,North Dakota,96406,-2.135828,55.1399405
Heather Moore,37,94409 Abbott Creek Suite 792,Matthewview,Oklahoma,04439,-85.586349,-34.060524
Brian Thomas,20,29726 Charles Divide Suite 744,Port Keith,Idaho,96790,31.647846,87.2760195
Steve Gardner,79,807 Bryan Curve Apt. 699,Lake Brittanyland,Louisiana,10414,15.272766,-82.5991125
Charles Rodriguez,69,15416 Hawkins Fields,North Tabithabury,Louisiana,31673,150.113024,-81.3442825
Philip Johnson,40,28821 Kristin Wall,Torresside,Utah,27414,92.018894,-74.326120
Kenneth Garcia,27,5473 Spencer Wall,Roweton,Kansas,78345,-170.721855,63.7258665
Adrienne Lester,23,4562 Hayes Turnpike,West Lisachester,Utah,06945,30.822104,41.7862315
Charles Kelley,75,651 Harris Wells Suite 082,Joseshire,Tennessee,44473,-114.207049,63.4176645
Thomas Moore,63,2779 Robert Burg,East Jonathanshire,Connecticut,50771,135.943930,85.872941
Sandra Mendez,36,52032 Melissa Mountain Suite 979,New Larry,California,55883,-53.704637,22.157732
Samuel Cameron,33,8934 Catherine Ports,Port Melvinburgh,Iowa,87219,-19.112660,-39.9683935
Kimberly Johnson,63,700 Powell Meadow Apt. 174,Lake Georgeborough,Vermont,21009,-0.044290,57.2499515
Jasmine Williams,76,899 Joyce Glen,Tamarafort,Indiana,26684,127.574942,61.1000225
Elizabeth Johnson,26,55837 Mcpherson Forest Apt. 379,Dawnfurt,West Virginia,51450,-179.853079,21.9455845
Denise Bean,59,98838 Richard Underpass Apt. 829,South Jasonview,Nevada,02167,73.895130,-84.1283975
Mr. Devin Washington,42,58941 James Ranch Apt. 367,Jacobport,Connecticut,78821,-64.015269,-50.2431565
Emily Taylor,41,075 Kirsten Terrace Apt. 976,South Hannahhaven,Maryland,83703,-141.522099,26.7351125
Logan Johnson,67,441 Bauer Manors,Hendersonhaven,Kentucky,95959,72.810477,5.441471
Lucas Lee,54,843 Meyer Ways Suite 308,West Pamelachester,Idaho,12056,32.319910,17.6987955
Samantha Beck,51,040 Chelsey Prairie,Stephenstad,Maryland,15717,-161.721981,58.195974
Elizabeth Khan,24,82839 Zachary Hills Apt. 078,Mannington,Delaware,74706,176.347425,43.840451
Richard Horne,70,038 Parks Roads Apt. 774,New Allen,Idaho,02400,-15.086269,58.4415685
Jose Allen,52,6193 Autumn Via,New Mariaville,Delaware,61726,65.865385,18.9627635
Regina Short,29,342 Thomas Meadow,East Jay,Illinois,79067,-26.725162,-50.134537
Katie Williams,70,1329 Thompson Motorway,North Michelle,Kentucky,34395,-157.025622,44.6387485
David Smith,23,8966 Keith Pass,East Richardshire,South Dakota,59610,139.010501,82.2928735
Jason Garcia,58,6010 Crosby Parkways Apt. 748,West Savannah,Montana,97600,-120.473633,57.1784645
Lori Christensen,20,584 Weaver Plains,Lake Jenniferbury,Vermont,53082,-100.864940,-79.117811
Jason Greene,42,16423 Dustin Tunnel,Ortizmouth,Illinois,13806,-44.100990,-44.160060
Ronald Schultz,76,03127 Johnson Lights,Christopherport,Indiana,22186,37.052716,-61.6746815
Chelsea Gray,53,550 Rose Brook,Port Molly,Massachusetts,38780,-23.862394,47.4115605
Sarah Richardson,63,7000 Bridget Ways Suite 315,Smithburgh,Wisconsin,04881,68.668467,-0.277531
Jason Davis,76,2191 Castaneda Viaduct,Dianaside,Maine,20007,-30.912706,72.554703
Paige Murillo,68,8164 Barr Unions Apt. 999,Mcdonaldmouth,California,31821,-14.977453,-82.636599
Jennifer Stephens,41,6557 Christopher Loop Apt. 038,West Matthewhaven,South Dakota,76967,37.524188,14.039232
Tyler Silva,28,43673 Smith Port,East Michele,Virginia,17420,-171.139929,-61.4104085
Stacy Washington,51,89395 Garcia Alley,Wallaceville,Kentucky,13428,20.355144,-19.5818595
William Mooney,47,9832 Nicholas Shoals,Lake Carol,Hawaii,66882,116.573257,-85.8981965
George Ward,33,77451 Matthews Ville,West Pamela,California,77097,-76.125158,17.1062545
Robert Olson,22,478 Nelson Skyway,Andersonborough,Virginia,09697,-9.700332,-71.5573765
Dr. Kelly Stewart,53,68078 Gomez Gateway,Perezborough,Kentucky,68120,23.672400,-24.961373
Heather Davis,79,835 Chang Ridges,North Austin,Iowa,74706,162.234782,-48.057774
Edward Graham,63,397 Deleon Overpass,Wilsonshire,Tennessee,40470,-117.098304,-42.7161185
Maria Riley,49,213 Norton Ridges Apt. 286,Port Nataliefurt,Mississippi,00886,-120.925889,36.5764005
Angela Wall,74,20214 Reyes Shoals Suite 693,Kellerport,Arkansas,68696,-144.996324,49.6572125
Matthew Summers,42,263 William Shoals,Lake Natasha,Vermont,16291,91.110771,-6.7055005
Richard Thompson,69,34024 Brown Track,Lake Lisaside,West Virginia,90322,61.920705,-44.1059945
Kelly Cruz,35,64911 Friedman Viaduct,Moniqueborough,Pennsylvania,01952,-122.738071,86.738821
Adam Flores,65,583 Bauer Wall Suite 852,Gutierreztown,Texas,17903,-127.943522,-58.410958
Julie Mcneil,28,96760 Blake Ways Suite 251,Lake Mitchellborough,North Dakota,80980,-145.937357,-63.9620025
William Knapp,48,08555 Kristina Fields,Boydfurt,Connecticut,97479,-12.572368,-15.030275
Robert Spears,67,6056 Jones Centers,South Autumn,Montana,29856,-79.485055,33.8904055
Jennifer Lester,18,87040 Sarah Loaf,Aliciachester,South Dakota,79037,-146.957106,45.8559575
Jennifer Long,56,27375 Gregory Harbors,West Anthony,Nevada,30488,-122.482682,66.3214045
Jordan Bennett,70,346 Jeremiah Estates,Vasquezview,Iowa,18127,51.707101,71.836437
Jeffrey Singh,44,5111 Craig Walks,Port Amanda,Virginia,54764,-31.560689,-63.9162245
Nicholas Gonzalez,69,8161 Kevin Shore Suite 341,Ianfurt,Indiana,42028,-39.874416,-23.405378
Anthony Kelley,70,83560 James Crescent,West Samanthashire,New Hampshire,62435,146.710035,-61.8390935
George Summers,44,817 Jessica Mall Apt. 480,Davidburgh,Idaho,68452,-148.921812,-72.2505395
Heidi Bishop,30,1937 Richard Circle Suite 976,New Andrea,Florida,49854,-154.151833,83.2944645
Gail Boyer,34,46135 Joseph Ways Apt. 546,Lake Colin,Oklahoma,94291,-171.356712,29.5339355
Dawn Reynolds,59,7501 Rachel Knoll Apt. 919,New Robertmouth,Mississippi,52167,-19.960931,62.245788
Cynthia Baldwin,34,23236 Martinez Row,Lake Markport,North Dakota,29588,41.095263,-21.296749
Caleb Patel,45,06284 Colon Fort,East Brentstad,Wyoming,75085,-16.600965,53.6777215
Jason Hess,76,2139 Joshua Ports,North Stephanieborough,New York,35687,-85.323543,-44.1468425
Chelsea James,27,2428 Jacqueline Garden Suite 259,Richardsonland,Oklahoma,80888,-69.852539,10.081966
Jerry Prince,50,26547 Duncan Land,Allisonland,West Virginia,15210,-29.219944,-36.196723
Christy Sloan,49,059 Rebecca Summit Suite 637,South Robinview,Rhode Island,27830,-0.641551,-81.8604565
Stephanie Lopez,36,76966 Sparks Forges,Shepherdchester,Texas,80908,-143.355075,28.352153
Sharon Todd,29,6781 Shirley Views,Lake Catherine,Rhode Island,36913,-33.765230,-40.7140725
Kayla Graham,53,24990 Jacobs Fields,Mckinneyton,Wisconsin,71684,-67.098637,64.6180595
James Perez,73,062 Davila Valleys Apt. 783,South Emilymouth,Virginia,78430,-71.620147,-71.3355235
Ms. Amanda Hayes,27,658 Sara Motorway Apt. 327,South Leslie,Ohio,14660,-96.257633,-0.4627415
Robert Glover,51,595 Bradley Greens Suite 693,Johnborough,Maryland,16714,-110.407660,-64.0135545
David Garrett,53,31690 Aguilar Extensions,Ruizview,Oklahoma,45296,-138.090220,60.0367055
Eric Reeves,68,7130 Charles Point Apt. 720,Teresamouth,Rhode Island,92360,-58.642938,43.756217
Sandra Buckley,23,000 Cunningham Pike,South Donald,North Dakota,43865,-96.178785,-68.332869
Troy Rose,71,50780 Tammy Row,Rileyfort,Florida,61288,112.490169,-83.707971
Jennifer Soto,49,0298 Yates Fort Apt. 386,North Desiree,Wyoming,47035,-14.650272,-44.039260
Mark Hart,38,5827 Jeffery Gateway Apt. 573,Lauraborough,Idaho,71059,-66.803422,-57.4373145
Briana Long,70,2228 Reed Rapids Suite 694,Butlerborough,Wyoming,84728,172.523427,-68.984266
Stephen Hopkins,65,98403 Martinez Road,New Luis,Colorado,07684,-61.195002,-89.0271075
Mrs. Nicole Anderson,48,95946 Martinez Harbor,Brandonview,Louisiana,41715,36.453185,-65.849903
Ellen Martinez,79,41775 William Trace,East Christopherfort,Alabama,98528,118.305732,2.8752865
Dr. Robert Nunez,75,599 Daniel Extensions,Sandersstad,Virginia,21295,-50.360164,78.583754
Stacey Morgan,54,191 Andrew Motorway Apt. 528,Tuckerhaven,Florida,50164,132.188968,-10.429574
Travis Humphrey,40,26113 Smith Street Suite 037,New Morganton,Kentucky,81513,-112.873698,86.957834
Shawn Taylor,46,637 Heather Spring Apt. 524,West Kayla,Colorado,14311,-84.301676,-33.7146375
Edward Haney,77,11796 Woods Fords Apt. 019,Port Dawn,Indiana,64632,-61.530164,-62.402227
Julia Jackson,27,759 Figueroa Locks Suite 307,West Michael,Washington,72925,-0.387083,-9.9002015
Anna Wise,24,1250 Vazquez Crossing Apt. 911,Jenniferstad,Wyoming,27848,174.825391,-75.315311
Stacey Dunn,63,73337 Melissa Crossroad Apt. 337,North Ashley,Utah,76522,159.909474,62.854896
Justin Taylor,66,7807 Hubbard Stravenue,Port Lindafort,Vermont,13061,-92.516070,-20.050043
Kristin Schmidt,69,7416 Harris Ports,Fernandezport,Wisconsin,49715,-137.608511,-30.7983525
Christopher Flores,48,29918 Zachary Fords Apt. 654,Kristenville,Minnesota,49061,38.670515,-10.789622
Christine Gallegos MD,69,86069 Gutierrez Route,Buckleyfurt,Oklahoma,96905,-161.807299,27.3376055
Robert Lee,28,1882 Susan Manor Apt. 622,Port Sonyachester,Delaware,25151,-157.644679,62.450073
Valerie Roman,48,0267 Sarah Crossroad,Brownfurt,New Mexico,00922,-124.093880,18.350875
Amber Boyle,32,2641 Fox Ford,Rebeccaport,New Jersey,92601,128.167238,-31.975641
Andrew Cook,78,7374 Berg Dale Suite 120,Devonville,Vermont,47590,4.061920,-3.1604215
William Hernandez,71,38728 William Lodge,New Anthonyhaven,Virginia,72646,-82.042724,27.723823
Robert Martinez,35,81641 Todd Via,Kristenside,South Dakota,89998,73.797169,40.3664845
Angela Dudley,64,8606 Melinda Cliffs,Mirandaborough,Connecticut,26890,-100.321445,62.501059
Catherine Bennett,51,788 Martin Ports,West Jason,Maine,32513,125.211390,-72.229077
Sandra Santos,19,67178 Tammy Lane,Nicolechester,Oklahoma,20242,114.363212,37.7017505
Paul Fowler,59,721 Brian Green,New Veronicamouth,Indiana,88820,-156.048691,31.8269295
Andrew Oneill,74,584 Knight Wall,New William,Iowa,95237,94.907617,39.1334785
Martha Martin,69,6265 Hunt Mountain,Justinburgh,Oregon,05401,-159.891959,76.746313
Rebecca Massey,33,990 Amber Gardens,North David,Missouri,75611,113.956644,4.2427215
Timothy Walker,57,756 Cynthia Point,Lake Rebeccaton,Nebraska,63966,158.128353,-6.648545
Richard Knox,78,501 Duke View Apt. 031,Andrewsstad,Maryland,23133,-1.408324,-37.445781
Jerry Sexton,18,3638 Matthew Curve,Josephberg,Kentucky,89422,104.944390,59.4051995
Scott Fisher,70,0196 Larry Dam,Ayalafurt,Oregon,79348,-144.811569,-78.193655
Maria Ramos,37,956 Estrada Squares,Port Bryan,Colorado,23903,-19.093765,69.480332
Alexa Patton,58,203 Rachel Roads,Rodriguezfort,Virginia,93816,3.171423,-69.3651705
Larry Roberts,32,438 Tyrone Walks Apt. 916,West Scottton,Kentucky,75449,-136.381300,-87.4604895
Shannon Wood,31,906 Sandoval Way Apt. 148,Spencerfurt,Texas,74103,-0.177470,81.8060735
Jennifer Cook,49,8715 Connie Meadows,Barbaraton,Hawaii,50642,176.681963,-66.8856445
Marcus Valdez,41,265 Ayala Corner,Kirbystad,Utah,95325,54.995662,17.776232
Stephanie Adams,41,95767 David Squares,Timothybury,Indiana,11936,174.272611,65.0905525
Cynthia Munoz,64,8561 Osborne Isle Apt. 718,South Feliciaton,Montana,78115,121.599488,-75.8942935
Julia Simpson,61,890 Dean Harbors,Lake Jason,Arkansas,88100,-155.582736,89.6101595
Ryan White,73,53175 Jonathan Streets,South Kellyport,Illinois,66109,21.454361,-32.676592
Carla Gibson,21,410 Sweeney Trail,West Davidmouth,Michigan,84894,141.527879,-76.6162015
Melissa Davis,60,531 Janet Route,Natashaview,Montana,00637,103.575608,7.6112905
James Knight,50,959 Thompson Court Apt. 511,New Michael,Oregon,33139,43.237829,26.9499465
Jason Mcguire,58,4698 Ryan Spur Apt. 947,Port Jennyton,Wisconsin,06708,60.444419,-15.791658
Jamie Gibson,45,55895 Katherine Centers,Jacksonstad,Texas,66047,83.818848,47.9725825
Michael Campos,45,54909 Brown Highway Suite 050,North Janet,Mississippi,78979,89.883330,52.5342135
Barbara Thomas,20,98817 Santana Expressway Suite 224,Riveraberg,Nebraska,66619,-68.588396,-65.504976
Richard Brown,20,99208 Moore Gardens Suite 133,Figueroatown,Nevada,99211,174.660251,-53.9285365
Julie Bailey,49,0029 Lisa Underpass,Reevesville,Kansas,54056,-18.702089,22.7126645
Justin Fitzpatrick,29,233 Samuel Village,Lake Scott,Mississippi,05731,175.518390,-14.341215
Anna Smith,20,1857 Samuel Causeway,Lake Sandrachester,Virginia,85811,161.356659,-59.0537145
Daniel Hill,58,539 Johnson Turnpike Suite 287,Parkerborough,Alaska,71153,91.125588,21.4580255
Scott James,47,670 Nichole Track Apt. 416,Mcconnellland,Maryland,72439,126.395222,61.9984105
Sheila Salinas,35,61935 Tyler Shoal,New Meganhaven,Arizona,23872,-171.116974,-35.175738
Brenda Acosta DDS,42,887 Walker Unions Suite 603,North Phyllisside,Hawaii,80061,-78.091900,-67.6456075
Danielle Holmes,26,57255 Trevino Plains Suite 082,Lake Pennyshire,Kansas,66174,163.282473,7.332994
James Bradshaw,77,25920 Laura Via,Lake Kristin,Arizona,72697,135.136118,66.4009535
Erica Hoffman,22,5121 Nathan Passage,Lake Garyshire,Kansas,29932,120.924684,-53.0611115
Christopher Johnson,43,17392 Cooper Streets,Brianton,Massachusetts,22612,37.953684,-76.068000
Tony Turner,70,85295 Young Valleys,Lake Sandyside,Wisconsin,15905,-142.185289,-62.792446
Melissa Bush,48,97908 Anderson Stream,Jessicaburgh,North Dakota,60611,139.668109,25.547087
Connor Tran,76,6785 Katherine Parks Apt. 482,Derekburgh,Rhode Island,50847,-124.689428,-61.9198775
Jessica Aguilar,75,5467 David Walk,Khantown,Maryland,33637,-167.756562,-15.621169
Eduardo Riley,79,4925 Strong Springs Apt. 342,South Jimmy,Utah,85665,168.540657,28.919975
Crystal Patrick,57,20711 Hoffman Oval,Wilsonmouth,Washington,54270,107.372791,-46.4269835
Erin Barnes,65,6084 Steven Isle,North Chadview,Texas,44582,-106.728923,-15.4666235
Sandra Johnson,19,1746 Hannah Throughway Suite 729,North Michaelshire,Vermont,37980,-151.584720,-73.1990765
Tiffany Hart MD,32,04587 Omar Island Suite 993,Clarkstad,Nevada,11627,-52.501556,-40.1448665
Terry Higgins,20,3588 Mark Mission,East Amber,Connecticut,19474,-45.471850,59.884100
Frank Gonzalez,56,32087 Pratt Heights Apt. 395,Chelseaport,Utah,39406,127.570770,14.698430
Kimberly Romero,59,48949 Wagner Brook,Stewartview,Mississippi,16994,-127.342668,61.478715
Katelyn Larson,57,795 Susan Wells Suite 536,South Christianland,Massachusetts,80990,-85.040709,76.6816345
Jacob Knight,21,2855 Pham Ports Suite 816,Calebview,Michigan,52066,158.845934,71.604944
Christopher Reyes,65,43559 Angela Lane,Johnsonchester,North Dakota,15179,-48.803821,-87.159455
Frank Chavez MD,38,79873 Cisneros Mount,Edwardbury,Montana,66947,-88.255699,-23.399345
Jennifer Guzman,40,2563 Hayden Lock Suite 096,Drakemouth,Idaho,00616,-27.023193,40.202431
Tara Thompson MD,57,681 Underwood Lakes,East Nicholas,Virginia,64767,-148.871401,53.4201555
Michael Roberts,47,56270 Hall Oval Apt. 521,Port John,Connecticut,75778,-116.376702,41.691532
Jacob Kline,73,001 Mendoza Creek,South Eddie,Idaho,68896,-150.899228,71.132919
Lisa Christensen,18,50930 Billy Vista Apt. 860,North Ambermouth,North Dakota,10017,71.120735,11.749428
Randy Booth,51,621 Kim Mills Suite 039,Jenniferland,California,57183,169.337269,51.7813205
Laura Mendoza,55,25597 Christina Vista,Debbieside,Hawaii,20199,-92.990749,-12.451533
Tony Simmons,58,68242 Frances Divide,Sethburgh,Iowa,76607,94.857336,25.602796
Joseph Valenzuela,37,0553 Ramirez Fork,Kristinhaven,Utah,30531,-86.119189,-60.501074
Jessica Miller,59,475 Cunningham Ways Apt. 440,East Rebecca,Wyoming,61683,52.783131,-19.418305
Cynthia Alexander,19,2386 Gonzales Pines,West John,Michigan,76318,-144.402590,4.507355
Curtis Hunt,72,79654 Cook Heights Suite 829,Annburgh,Kentucky,13115,-165.384450,-4.1240565
Sheila Wheeler,55,369 Gonzalez Forks,Castillochester,Virginia,69178,115.704663,-41.5558435
William Garcia,58,0193 Hannah Mission Suite 065,South Christophermouth,Illinois,75046,7.282320,-11.363319
Jeffery Burnett,63,47051 Christine Circle,South Aaron,Kentucky,42584,-168.375712,-11.4123015
Robert Novak DVM,48,7635 Estrada Fall Apt. 373,Johntown,Nevada,49545,-114.922783,55.2093075
Natalie Jones,60,51833 Fischer Radial,West Lisaland,South Carolina,78960,-0.913808,55.7349625
Ricardo Hansen,57,891 Holly Union,Caseport,Minnesota,63704,171.395217,-86.6805085
Tracy Mendoza,53,95467 Claire Cape Apt. 423,Sharonstad,Wyoming,02484,150.985009,36.198706
Stacey Macias,24,5554 Spence Dale,North Sheliafurt,Nevada,39091,-26.186414,87.6842015
Chelsea Torres,20,58137 Haney Ford Suite 147,West Michael,New Jersey,43297,92.047594,17.8600165
Kaitlyn Martin,39,87952 Coleman Meadow,Port Charlesburgh,Maine,46750,178.267667,85.1008575
Rebecca Pratt,80,9735 Shannon Courts,Lisamouth,Virginia,79325,-57.677899,65.351914
Stephanie Bridges,48,480 Morton Ranch Apt. 981,Lake Edwin,Vermont,82143,-104.438301,19.761148
Jamie Fisher,33,12054 Randy Via Apt. 507,Allenshire,Kentucky,47521,42.057208,37.281409
Linda Wiggins,30,26829 Hamilton Knoll,Blairborough,Hawaii,95422,121.309346,20.309370
Cynthia Lyons,60,6369 Peterson Island,Schwartzborough,New Hampshire,45494,-151.108406,-47.073016
Stephanie Garrett,56,8387 Garcia Junctions Apt. 509,East William,Colorado,90963,74.937110,-63.2340285
Katherine Huerta,29,24258 Veronica Drives,Annettemouth,Illinois,27042,57.809491,-49.207992
William Ellison,75,477 Dickerson Viaduct Suite 404,Jameshaven,Kansas,15344,42.796682,33.8995755
Omar Reyes,76,2686 Kristina Club,Deckerborough,California,41193,-125.517020,-40.014508
Kimberly Cabrera,69,1547 Holly Plaza Suite 169,Weaverland,Idaho,49539,-177.911319,67.346983
Erica Wolf,27,07205 Figueroa Mills Apt. 390,North Nathan,Pennsylvania,20294,27.151876,-49.527621
Catherine Hood,30,1386 Berry Course,Valenciamouth,Michigan,08495,-73.131143,-0.631460
April Carpenter,33,66333 Garcia Radial Apt. 839,North Stephen,New Jersey,39238,16.598885,7.417325
Pamela Pratt,35,05364 Christopher Points,South Williamport,Nebraska,71386,136.680678,-76.831955
Jennifer Nichols,42,72877 Delgado Unions Suite 147,Goodmanshire,North Carolina,38533,-40.493684,-37.960016
Deborah Williams,18,766 Norman Gardens,Lake Aliciaburgh,Hawaii,83871,-164.939294,-46.842369
Joshua Thomas,65,976 Benjamin Orchard Apt. 356,Sherryburgh,California,93273,110.073457,56.1846825
Jeremy Hensley,76,0002 Duke Pike,Hoodberg,Michigan,68351,76.514332,-84.579120
Todd Carlson,52,614 Gray Bridge,Duncanside,Minnesota,04863,-163.540917,33.1758655
Kenneth Ochoa,76,252 Benjamin Streets,Johnsonshire,West Virginia,58042,-90.257491,-14.2691525
Yolanda Rivera,23,55632 Manuel Drives,New Jennifer,Arizona,92831,-132.421133,33.165166
James Miller,72,54368 Linda Overpass,New Alexis,North Dakota,99446,143.035532,20.7574275
Beth Mercer,74,8280 Kaitlyn Villages,East Jenniferchester,North Carolina,72600,-118.021691,23.4422675
James Wong,19,1941 Long Drive,East Heatherchester,Maryland,47257,105.745881,15.178295
Bobby Lamb,63,1421 John Street,New Kimberly,North Carolina,08490,90.805665,71.6571665
Christopher Miller,37,5015 French Junctions,Thompsontown,Colorado,59990,-170.915958,-25.489837
Jacqueline Mercado,77,47946 Barrett Camp Suite 040,Laurenburgh,Minnesota,78550,124.584907,21.333503
Melissa Ward,47,0246 Stephanie Pines Apt. 076,Coreytown,Massachusetts,22631,42.591241,8.8265365
Lauren Robinson MD,21,60462 William Bridge,Carlosport,Iowa,46542,-175.902223,67.388906
George Washington,63,370 Grimes Isle Apt. 938,Millerstad,Hawaii,92431,38.657563,-88.661726
Susan Compton,34,46484 Christopher Trafficway Suite 892,Port Aaron,Georgia,69874,-91.753656,-26.895179
Juan Sutton,56,1209 Victoria Ford,New Stephanie,Michigan,15111,109.411043,53.3098135
Paul Williams,41,86247 Arnold Ramp,New Tammychester,Utah,32134,69.796011,75.275925
Lawrence Bell,22,78095 Stephanie Village,Ryanhaven,Rhode Island,35287,-102.757146,-33.534910
Linda Nelson,20,74761 Tyler Isle Suite 535,North Shelby,Iowa,16645,-50.546045,18.762255
Jonathan Hernandez,64,973 Flores Extensions,South Johnathan,Maryland,42697,-2.862115,-69.5918375
Jason Scott,37,2321 Nicholson Key,Robertland,New York,36081,3.019004,27.7769455
Eric Thomas,27,6221 Ronald Port,Johnville,New Hampshire,81451,-32.335502,53.278215
George Allen,43,0620 Meghan Drive Apt. 502,Bonnieview,North Carolina,70860,-145.682999,-46.9906985
Charles Reed,31,61652 Gonzalez Terrace,Jamieside,New York,81552,-67.444857,-4.6277625
Daniel Sandoval,43,75204 Theresa Prairie,East Brent,Texas,70536,107.128367,47.746464
Michael Cook,51,69803 Devin Walk,Lake Jamesside,Ohio,65791,105.774050,27.9142245
Shannon Levy,33,93595 Barbara Flat Suite 607,New Michaelburgh,Kansas,63506,-99.281310,64.929495
Amanda Rivera,67,284 Flowers Prairie,West Robertborough,Delaware,29582,-108.675634,-18.8120575
Mary Butler,30,79880 Mark Run Apt. 031,North Theresastad,Hawaii,57175,83.627785,-74.5332835
Charles Hoffman,57,7501 Smith Common,Lake Brian,Kansas,61288,48.730669,-56.8557095
Michael Martin,67,9029 Devin Harbor,Zacharyport,Arkansas,12646,150.484882,-11.383266
John Mcdowell,21,525 Mccormick Place,Port Christopherfurt,Georgia,90468,-5.473060,-87.386923
Diana Castro,80,8063 Joshua Flats,West Robert,New York,73089,-86.575798,-35.517495
Douglas Wright,55,1485 Jaime Brook,New Philipside,Utah,49490,172.534635,23.934042
Jeffrey Hill,36,64783 Lawrence Forge,North Kimberlyton,North Carolina,27239,149.836018,-75.4458855
Peter Black,77,193 Potter Knoll Apt. 633,Michaelmouth,Wyoming,56727,-136.582010,2.069371
Eric Suarez,18,5168 Lauren Crescent Suite 239,Millerberg,Idaho,17623,-85.090217,43.1412895
Matthew Thornton,52,05035 Kristen Garden Apt. 245,Robertsonport,Michigan,21037,2.534614,-64.6428035
Melissa Steele,68,29382 Ferguson Mall Suite 280,Chapmanborough,Connecticut,52203,-96.630690,-55.4567965
Alan Moore,52,049 Jeffrey Union,New Patricialand,South Dakota,63074,-55.076040,15.7558925
Mary Hill,78,0151 Maxwell Road,East Oliviahaven,Florida,68438,-110.533752,88.6193295
Beverly Moss,28,268 Moss Hill Apt. 025,New Gabrieltown,Tennessee,09119,125.609839,-85.072244
Jeremy Garcia,46,2641 Brendan Shores,Frankshire,Washington,49149,-19.102663,88.037879
Bob Allison,33,425 Melissa Skyway,West Robert,New York,66665,-54.518391,34.162350
Francisco Goodman,23,83663 Mary Pike Apt. 973,South Robertshire,Michigan,66478,33.253882,-18.2792405
Timothy Scott,29,52550 Jeffrey Orchard Apt. 904,New Charlesshire,Arkansas,98934,-27.904195,-88.236303
Jason Williams,78,63002 Reyes Fork,New Brian,New Mexico,38832,-108.190464,2.924750
Ryan Pratt,78,5676 Angela Walks Apt. 496,South Susan,Montana,85794,-0.158666,-4.3375285
Jonathan Black,47,978 Michael Burg,West Gabriel,Alaska,98138,164.082550,-13.6981505
Donna Parks,31,97559 Cheryl Lodge Apt. 978,North Donald,West Virginia,20586,-13.299324,-15.5105625
David Mccarty,63,359 Peterson Lane Suite 488,South Robyn,Georgia,67126,53.612751,-7.6285545
John Atkinson,77,08375 Rose Parks,West Abigailberg,New York,41253,40.524540,-10.0245035
Thomas Johnson,53,82081 Nicole Views,Williamborough,Vermont,15671,130.058240,19.057636
Mark Bowers,38,0051 Gomez Bypass Apt. 319,West Andretown,Alaska,14328,-95.789097,28.133272
Luis Henson,67,600 Shelly Expressway,North Daniel,Missouri,41037,9.644611,-17.5448175
David Kelly,55,982 Gibbs Parkways Apt. 300,Samanthafurt,Mississippi,58884,-41.144188,-73.9585595
Cynthia Moore,46,620 Mallory Mountains,Jasminestad,Nevada,76711,172.536618,18.1861975
Jacqueline Massey,36,20350 Sara Key,Zhangmouth,Kentucky,26556,-178.177648,15.0635045
Patricia Fowler,61,79763 Sweeney Prairie,Port Nancyside,Utah,29007,-80.060816,-72.0244965
Ashley Miller,80,4473 Garcia Causeway,East John,Montana,71581,116.541083,-72.519048
Kenneth Walker,76,22838 Richard Lock,Fosterland,Florida,73900,26.000164,81.3233745
Anthony Strickland,31,1731 Duncan Mount,East Sarafurt,Georgia,36513,70.694770,-26.113975
Dr. William Johnson Jr.,74,280 Lisa Land Suite 800,Sanchezburgh,California,09865,-33.942080,-3.204775
Christopher Perry,35,447 Melissa Ridges Apt. 246,Kingshire,Missouri,68647,-93.656206,-59.968125
Richard Walsh,60,3201 Lutz Island,South Jillian,Virginia,19458,109.707802,71.713737
Jacob Quinn,18,6889 Smith Trail,Ruthland,Massachusetts,11863,-60.214124,56.034442
Ian Barnes,75,071 Andrea Mission,East Donald,Pennsylvania,47496,131.261283,-79.190946
Brandon Mcintyre,63,324 Cynthia Road,Lake Kimberly,Wisconsin,13810,-96.744018,51.7021175
Kirk Baker MD,79,10301 Warren Ranch,Jeffreyland,Utah,87837,-30.231336,-10.1032565
Tracy Thompson,18,50816 Joel Knolls Suite 727,Traceyshire,Idaho,15810,-36.409686,-1.091167
Robert Love,24,68234 Natasha Isle,Jonathanhaven,Pennsylvania,04744,93.273989,-75.8098555
Jennifer Vega,65,4488 Nicole Center,Millerton,Idaho,68515,-119.318864,-58.875975
Beverly Cole,74,3407 Cooper Fort,East Jamesmouth,Indiana,10379,-113.087399,76.833363
Jesus Baldwin,68,54050 Heather Circles Suite 523,Walkerview,North Dakota,41399,167.459173,-14.4257715
Jerry Weaver,62,59939 Kim Freeway Suite 380,North Miguelchester,Mississippi,94385,129.072924,-64.729930
Gina Austin,56,12467 Debbie Points Apt. 938,Davidchester,Rhode Island,25117,24.666432,66.9442255
Lisa Taylor,30,71329 Walters Island,West Russellville,Iowa,00623,-37.243166,32.7521975
Cheryl Mckay,63,58041 Mccormick Summit,North Ronnietown,California,22529,-84.351239,7.2423885
Desiree Lewis,23,969 Matthew Row Suite 194,Whiteport,Arkansas,65830,-58.295814,48.588571
Greg Garrett,61,55315 Amanda Ridges,South Carolynborough,Oregon,63363,54.861113,-29.6496515
David Stephens,79,9929 Mcintosh Meadow Apt. 265,East Scottside,Georgia,59231,10.381836,20.5119735
Shelley Moore,37,56529 Ellis Shores Suite 648,North Donna,New Hampshire,91903,93.815694,1.6221055
Jesse Clark,65,9644 Carolyn Brooks Suite 913,Lake Richardberg,Louisiana,73222,94.269512,18.131842
Russell Martinez,29,54839 Scott Shore Apt. 431,Donaldberg,New Jersey,04006,-30.123950,52.8510145
Angela Webb,50,83005 Bryant Parkway,Bryanland,Arizona,58326,93.871500,-50.320154
Charles Long,36,7259 Daniel Streets,East Antonio,Connecticut,42410,-80.164206,-13.7463725
Jeffery Turner,78,2361 Keith Forks,Arellanofort,Connecticut,98838,159.064851,83.5658385
Teresa Rios,41,5998 Vasquez Villages,New Tyler,Texas,43948,134.669548,4.868146
Ray Wright,21,83646 Lin Island Suite 680,Obrienburgh,Rhode Island,28538,86.612436,-0.677945
Robert Martinez,54,3483 Soto Underpass Suite 492,Brendanfurt,Arkansas,59756,39.852868,30.903736
Thomas Whitney,21,349 Travis Lake,Maynardshire,Georgia,82980,66.543448,81.7768485
Martin Dawson,63,65310 Brooke Path,Wellshaven,California,98296,-118.302578,-62.4248935
Jessica Cisneros,51,128 Francis Shore Apt. 441,Estesshire,Wisconsin,98026,-169.699327,-58.2699395
Michael Andrews,24,3361 Raymond Orchard,North Deborahborough,Florida,25415,163.383309,25.5811165
Michelle Moore,52,4718 Kimberly Ridges,Bellmouth,Delaware,90731,54.859263,-28.7624325
Grace Holt,37,8843 Rhodes Station Suite 470,New Gary,Virginia,30623,-155.527289,52.3841535
Mrs. Vanessa Perez,33,2459 Carroll Pike,New Alexandraview,Iowa,05014,-23.384455,88.019979
Brandon Taylor,43,162 Amy Court Apt. 986,Brooksside,Delaware,75588,-115.683054,30.1142835
Lisa Kaiser,42,78557 Weaver Course,Ellismouth,Minnesota,89388,140.559343,-86.180712
Bradley Hall,38,36025 Taylor Knoll Suite 066,Allenville,New York,15767,50.654633,39.9594605
Ruth Beck,68,95074 Bruce Alley Suite 777,Port Carlosborough,Nebraska,37477,151.598604,-5.9772725
Sandra Perry,23,47860 Omar Meadows,Smithburgh,Maine,80190,113.913226,-69.915785
Angela Allen,43,6317 Angela Way Apt. 469,Peckfurt,Arkansas,98570,66.788853,-74.423404
Judy Powers,20,4839 Pearson Inlet Suite 717,West Francesshire,New Mexico,69030,-108.575183,87.005066
Jeffrey Roy,35,6342 Bradley Ridges Apt. 135,Perezhaven,Iowa,74719,-86.732883,-28.7449075
Taylor Mercado,39,703 Sandra Ramp Apt. 147,Brandonchester,Massachusetts,93602,79.505446,79.321826
Crystal Miller,18,53897 Graham Junction Suite 656,Woodtown,Minnesota,32145,-25.486760,10.812557
Victoria Gregory,19,8978 Heather Summit Apt. 542,Natalieville,North Carolina,01706,23.088172,13.5101665
Jennifer Miller,75,721 David Cliffs Suite 824,West Michaelbury,Montana,39881,-132.315482,-52.8192275
William Hinton,29,075 Cummings Mountains,Hendersonstad,Kansas,09396,152.145531,79.544319
Laura Gordon,46,0643 Smith Orchard,Wilsonside,Ohio,65013,163.369900,-28.1801495
Rhonda Miller,58,6611 Martha Roads,Patrickchester,Texas,05979,32.416038,-28.690205
Mindy Brown,33,4220 Johnson Row Suite 452,Port Claudiamouth,North Carolina,46253,113.187789,12.3329135
Nicole Anderson,57,488 Jennings Point,Douglasshire,Nevada,50834,-97.585460,-55.781677
Colleen Perkins,38,265 Maxwell Garden,Stacyburgh,New Hampshire,45612,84.916129,-57.084040
Samantha Henry,77,3935 Smith Greens,Jonathanfurt,Nebraska,62747,99.933886,86.757283
David Moore,68,96629 Jeffrey Union,North Adamberg,Pennsylvania,38198,44.241851,-69.8894285
Michelle Johnson,27,823 Crawford Plaza Suite 226,Younghaven,Nebraska,90505,-167.311837,-55.806181
Anthony Yoder,46,352 Rhodes Motorway,North Robertville,Alabama,50261,-19.578247,-75.467914
Michelle Frank,46,906 Maria Cliff,Richardborough,Alabama,72477,-52.061892,-86.8063535
Richard Griffin,41,6214 Lopez Light,Lake Sandraburgh,Arkansas,45760,50.793192,18.370582
Paul Jenkins,19,04721 Hector Ford Suite 038,Newtonborough,Oregon,55425,49.059129,-14.0377045
Michelle Petty,67,60377 Miller Fords,Beckside,Nebraska,13966,166.187506,53.825525
Jeffrey Collins,79,148 Benitez Parkway,Port Jessicamouth,Michigan,93011,155.199065,-61.204405
Steven Garrison,73,8302 Waters Mills Suite 610,Amandamouth,Mississippi,81470,117.135570,19.354808
Lacey Fisher,80,5792 Richard Port Apt. 408,South Melissaside,Montana,67693,-167.110599,-45.9099235
Bryan Shelton,27,93592 Bradley Dam Apt. 249,New Jonathan,West Virginia,30456,169.629178,81.133746
Jennifer Hall,68,79813 Tate Manor Apt. 014,South Josephport,South Dakota,03563,-174.004714,-86.897888
Dana Parker,24,45244 Paul Branch,North Zachary,Connecticut,96841,-164.859446,85.3649735
Paul Woodward,27,2693 Theodore Causeway Apt. 420,Leonbury,Colorado,65369,90.342665,-15.1029725
Brady Kelly,47,5759 Rodriguez Lakes,Charlesfort,Connecticut,02610,137.846922,80.137060
Tonya Cox,70,887 Hunter Prairie Apt. 423,Cynthiabury,Iowa,88212,-156.372999,38.7101275
Jessica Parker,71,5145 Danielle Ramp,Randallborough,New York,07367,65.531233,-74.6615945
John Bates,70,77029 Williams Centers Suite 580,Danielside,Iowa,68572,12.382825,-37.0339185
Kristen Burch,43,543 Golden Forks,Port Emilyville,Hawaii,17841,154.107442,54.268510
Sean King,51,979 Monroe Spurs Apt. 784,North Daniellemouth,Minnesota,46455,-24.702274,-40.689132
Betty Johnson,80,155 Javier Motorway Apt. 602,Grayton,Kansas,42892,116.347792,-68.6324435
Edwin Tucker,27,48565 Thomas Turnpike,East Michael,Alaska,40482,-86.713615,-31.7998345
Earl Lara,19,816 Jensen Corners Suite 874,Lake Chasechester,Florida,70769,-82.945240,75.406354
Michelle Banks,18,4742 Mariah Unions Apt. 960,Adamsfurt,Arkansas,99332,-52.459977,-70.1417555
Jimmy Harding,76,9045 Anna Rapid,New Emily,Utah,78761,-37.641550,-31.4915225
Ashley Mejia,35,3642 Stephanie Street Suite 352,New David,Maryland,45342,-128.856017,52.7997605
Richard Sims,58,966 Robert Squares Suite 973,Port Susanshire,Wisconsin,45528,24.275721,78.703425
Alicia Lee,19,25625 Mark Overpass Apt. 613,South Elizabethfurt,Delaware,03478,63.319547,-73.469294
Kimberly Gibson,47,998 Kenneth Fort,Port Lori,New Jersey,44891,44.450797,-75.036239
Gabriel Baker,41,198 Kelley Stream Apt. 954,Billychester,Pennsylvania,61983,124.490779,-44.883404
Aimee Baker,49,79419 Hansen Squares,South Sarah,Missouri,28666,18.160318,-74.0962475
Andrew Torres,27,2976 Zachary Square Apt. 755,Zamorashire,Texas,93196,-28.628820,17.556220
Bianca Ramirez,36,3058 Johnson Fort,North Paulfurt,South Carolina,43978,-49.157394,85.724760
Craig Ross,57,8774 Jimenez Well Suite 236,Lake Paul,Kentucky,55272,-46.128106,16.2447035
William Curry,57,09277 Massey Plaza Apt. 826,East Samuel,South Carolina,42575,-89.050826,11.1082625
Shawn Parker,34,64864 Orozco Junctions Suite 270,North Laurenmouth,Arizona,04326,47.932911,-56.8361815
Zachary Ramos,46,136 Kelly Radial Apt. 637,Garciafort,Wisconsin,16612,-153.378759,15.255015
Kristen Smith,39,63211 Edwards Divide,Fieldsland,Connecticut,49740,-16.050472,-62.317283
Tina Tucker,46,41720 White Land,North Hannahside,Arkansas,39015,-147.833303,-83.6019635
Brett Thompson,54,4008 Archer Mall,East Amandaland,Montana,43044,-13.080742,-34.0088795
Tammy Brock,63,96484 Katherine Mountain Apt. 506,New Annaside,South Dakota,28947,147.308501,-86.282559
Victoria Wong,49,031 Newton Stream Apt. 372,Sonyaberg,Hawaii,45491,-144.959896,-10.3089395
Ronald Underwood,41,4341 Rodriguez Crest Apt. 452,Jonathanstad,Maine,52407,42.331694,-58.804851
Deborah Patton,28,5134 Foster Hills Apt. 190,Thomasland,Nebraska,59690,98.467804,47.934370
Heather Moore,31,558 Black Mission Suite 356,Jasonberg,Rhode Island,15535,41.364819,-73.943564
Grace Dougherty MD,41,5934 Karen Locks Suite 999,Oneillland,South Dakota,69705,-131.743171,11.563730
Kimberly Richardson,41,6921 Michelle Street Suite 216,Susantown,Hawaii,41113,116.346062,-81.6890675
Brianna Thomas,32,383 Patrick Circle Apt. 234,Antoniomouth,Maryland,62734,-63.559683,-13.6350065
Michelle Ellis,42,434 Parker Walk Suite 742,Josephbury,Vermont,61825,130.041025,56.077027
Richard Brown,45,40288 Owens Roads,Christopherhaven,Michigan,03044,-176.607733,-6.2902275
Carlos Foster,47,15989 Smith Estates Suite 286,Dianachester,Utah,21691,52.371160,-72.4191985
Robert Rodgers,62,639 Matthew Hills,West Richardburgh,Tennessee,91337,-23.154863,86.5330585
Maria Vazquez,63,310 Avila Path Apt. 704,Frankview,Nevada,14842,160.454154,-81.2765035
Benjamin Palmer,32,143 Robert Crossroad Suite 667,Smithshire,Maine,51402,-19.958681,28.7144035
Victoria Bishop,52,71400 Phillips Turnpike,Douglasstad,Arkansas,42580,-21.362214,-56.844347
Ana Johnson,21,4628 Goodman Flats,Deanbury,Maryland,38807,-90.068819,-34.633073
Charles Swanson,51,11778 Martinez Gardens,Lake Alan,Minnesota,96051,-17.114100,-41.204239
Ethan Schultz,75,412 Brenda Hills Suite 079,Williamsstad,Rhode Island,11271,-152.753482,-14.808455
Angela Harris,22,18019 Stacy Radial Apt. 134,New Bryanfort,Vermont,70071,33.590498,28.5434255
Christine Garcia,48,201 Vanessa Summit,East Kevin,Ohio,82441,-157.475658,13.278861
Melanie Bruce,25,5410 Robert Keys Suite 339,South Williammouth,Massachusetts,81497,27.074742,65.096542
Kenneth Simpson,31,348 Wilson Parks Suite 225,Lake Nathanburgh,New York,84231,-12.268511,-58.1760795
Anna Hubbard,25,213 Rowe Valleys Suite 064,West Julie,Oregon,95009,-156.670390,-82.785923
Christopher Ellis,44,7468 Collier Lock,Crawfordton,Texas,36080,-77.871225,-71.391358
Phyllis Hudson,30,2083 Powell Lodge,Port Samanthaborough,Vermont,59122,-60.987349,-43.4757535
Justin Peterson,42,4861 Jeffrey Forest Suite 382,Ginashire,Vermont,73134,-81.589585,-56.985895
Rachael Robinson,43,168 Sweeney Branch Apt. 920,Jesseborough,Texas,70886,-34.010567,62.0006095
Stacy Robles,59,18314 Christine Key Apt. 234,Lake Paulaport,Pennsylvania,82964,-26.795966,71.1231215
Tricia Brown,52,1775 Nichols Lake Apt. 859,Washingtonmouth,Alabama,18656,178.592856,-88.057859
Mrs. Amy Brooks DDS,44,03102 Scott Island Suite 277,South Cynthia,Wisconsin,79945,-109.865388,-82.810463
Richard Garcia,33,998 Wells Trafficway Suite 669,Salinasberg,Minnesota,49275,-65.885240,-58.0083055
Gregory Cochran,58,86251 Meza Knolls Apt. 925,Carterchester,Massachusetts,90425,38.372396,-80.508589
Ronald Wilson,58,855 Woods Squares,Fieldsfort,California,87252,156.812002,-14.846645
Daniel Mcguire,76,4440 Gregory Roads Suite 091,Timothyborough,New Hampshire,00620,100.680755,-1.245343
Julie Brown MD,70,3956 Devin Route,Port Rhonda,Iowa,44725,30.642636,-8.881739
Ryan Rubio,57,40708 Andrew Roads,South Angelamouth,Nevada,21049,50.867003,-87.832569
Laura Smith,35,85377 Hayden Ranch,Seanborough,Kansas,68301,-174.217100,70.654246
Penny Gross,74,7526 Anderson Spring Suite 767,Markland,Florida,87447,156.083559,82.0834055
Christopher Bailey,72,607 Brian Forks Suite 974,West Cynthiachester,Oregon,42634,113.812886,21.479294
Matthew Hamilton,23,40001 Briana Corner,South Jacob,South Dakota,47245,22.927805,86.750121
Hayley Bryan DVM,74,0608 Jacqueline Plains Suite 471,Monicafurt,Wyoming,57480,-4.314213,-0.361221
Steven King,18,46488 Moses Estate Apt. 686,West Joseph,Wisconsin,87993,-111.226635,-49.3593215
Rachel Massey,35,7193 Isaac Corners Suite 421,Lake Tammyland,Virginia,50007,-130.990571,71.771714
Thomas Jones,64,85104 Hines Cove,West Chase,Mississippi,71241,5.201162,72.2854685
Eric Kennedy,66,496 Jasmine Shores,Taylorberg,Ohio,18669,-103.516742,-40.503189
Hannah Mcclain,48,887 Hatfield Plain Suite 359,Port Breannahaven,Vermont,44166,150.963484,-56.801737
Heather Gray,32,41212 Michael Plains,East Davidshire,North Dakota,31892,-178.183643,-1.446384
Laurie Hopkins,28,457 Frank Overpass Suite 880,Mirandaland,Montana,67315,-170.956922,-52.884870
Jessica Cox,62,95704 Gregory Mission Suite 701,Port Jamieburgh,Oklahoma,24844,58.452977,-51.172591
Kelly Young,34,028 Maureen Loop,West Madisonton,Mississippi,96589,-178.446039,53.457624
Denise Williams,26,107 Lucas Course,Moorechester,Mississippi,76302,6.180036,-32.945878
Patricia Thomas,68,191 Powers Stream,Michaelborough,Indiana,79022,-20.582306,-28.8023415
Thomas Jennings,59,56294 Samantha Corner Apt. 595,Derekside,Kentucky,41819,-153.735447,35.1808135
Jennifer Clark,64,834 Prince Causeway,New Philipview,Georgia,26119,150.629930,72.7648885
Sherry Kaufman,53,617 Amanda Road,West Manuelborough,Missouri,28543,-155.082241,-86.756941
Tammie Gross,42,4856 Mitchell Locks Suite 156,South Mary,Delaware,46535,19.417191,20.0645325
Charles Morrison,54,51854 Sierra Estates,Lake Kathryn,North Dakota,29465,-57.194974,73.1984335
Adam Conner,38,34329 Collin Island Suite 733,East Christopher,Virginia,73767,19.464894,-32.4846335
James Blair,19,096 Deanna Shores,West Kelsey,North Dakota,72345,-172.234864,-74.217802
Mary Cameron DDS,36,41654 Hannah Burg Apt. 833,South Laura,Vermont,94103,-175.700319,15.8148085
Phillip Banks,57,194 Green Prairie,Lake Tom,Vermont,42900,-170.844667,-86.305782
Michael Alvarado,43,4545 Morton Highway Suite 616,Rossmouth,California,24986,-36.790893,-63.0051965
Jim Holt,36,8830 Anthony Stream Suite 104,Debrashire,Washington,58171,-83.032997,-5.958970
Mrs. Stacy Lewis,72,90317 Caroline Manor,West Jeffreymouth,New Mexico,28856,72.791172,-22.1863945
Nathan Daniels,80,494 Renee Motorway,Victoriafort,Florida,54764,-74.860538,74.456862
Michelle Wade,31,030 Lopez Rapid,Richardbury,Illinois,89901,-42.233319,19.8478135
Steven Bennett,49,70234 Nelson Unions Suite 347,West Joseph,Texas,29287,-60.871800,-8.138524
Daniel Martin,75,77915 Garrett Summit,Andersonshire,New Hampshire,50218,-76.154985,-46.0895875
Brenda Foster,32,650 Washington Ford Suite 224,Josephburgh,West Virginia,66056,-2.562064,84.001390
Barbara Robinson,19,805 Tina Trail Suite 395,Austinfurt,Connecticut,40663,-75.883339,-78.7404125
Stacy Randall,35,678 Heather Rest Apt. 842,New Laurenside,Maryland,30213,119.658671,-7.1521395
Hailey Atkins,60,953 Sanchez Causeway Suite 665,New Ronald,New Mexico,41325,-33.762240,-3.6708735
Kaitlyn Knight,40,5641 Samantha Walk,Sanchezberg,Maine,75237,-128.620230,39.3035815
Cory Scott,18,240 Phillips Lakes,Williamsport,Kansas,19841,81.212835,29.370170
Kenneth Walker,44,412 Megan Centers Suite 834,Shaneview,Kentucky,48909,143.490682,-83.232479
David Wright,59,16291 Gardner Stravenue,Lindaview,Indiana,89606,-161.987746,86.464633
Christy Montoya,36,875 Rebecca Avenue,Herreraburgh,Michigan,16298,150.034180,-3.202557
Ashley Smith,76,643 Steven View Suite 311,Cunninghamburgh,Indiana,51520,111.659963,34.5370765
Jason Soto,37,8476 Combs Unions,Harrisbury,Kansas,49874,134.580787,-65.084285
Kaylee Salinas,40,0176 Joel Ville Suite 555,Briannaland,Montana,97432,151.642175,-88.6939725
Michele Jenkins,47,58453 Jeffrey Ports Suite 337,West Sarah,South Dakota,29789,84.399002,-42.4598305
Nicole Tate,55,146 Kenneth Drives,North Catherineside,Illinois,20951,175.474878,-81.783019
Nathan Ryan,54,4638 Jennifer Meadow,North Keithton,Nevada,31845,136.703832,42.694907
Sara Flores DDS,56,2563 Macdonald Forges Suite 946,Murphybury,South Dakota,69876,-24.832823,70.6506655
Kelly Irwin,77,42131 Rhonda Locks,East Thomas,Georgia,35580,116.373163,-53.861556
Lisa Norris,49,1511 Pierce Plains,Brownhaven,Minnesota,17044,-69.697585,9.470230
Timothy Burns,54,31134 Macdonald Bridge Suite 569,West Lauren,Pennsylvania,08486,-150.133933,-35.4484845
Anna Moore,57,8905 Stevens Trail Suite 270,North Bethany,Oregon,60110,150.427420,83.434126
Marc Payne,50,74852 Mueller Stravenue Suite 647,West Jeffrey,Michigan,61410,-177.459882,-21.014494
Rebecca Lopez,74,3079 Ryan Union,Port Stephanie,Kentucky,40651,179.271998,16.121659
Ashlee Roberts,35,5704 Carolyn Court,Shannonburgh,Florida,93999,-170.508206,-9.335634
David Rowe,71,474 Durham Village Suite 624,Carrville,Wisconsin,55422,122.801393,54.386493
Anna Gallagher,35,514 Teresa Ville Apt. 399,Rittermouth,Texas,71297,126.363938,-8.300781
James Nguyen,42,172 Murphy Garden Suite 533,Josephland,New Hampshire,51841,66.257251,23.247603
Andrew Pope,64,411 Contreras Mission Suite 045,Bethanyport,Arizona,99462,170.321877,3.0830335
Jerry Wilkinson,79,0975 Moore Extensions,Lake Richardside,Hawaii,56990,-113.398842,35.794319
Billy Wood,55,90890 Chad Mill,East Richardborough,Wisconsin,43444,-116.597954,-58.463354
Jeffery Powell,47,0516 Baird Hollow Suite 698,New Jeremybury,Louisiana,06301,-128.273302,44.3875905
Tony Roach,30,504 Dorsey Wall,Kennethfort,Missouri,60083,-37.192033,31.298842
Sarah Walsh,70,4715 Bobby Street,Lake Kimberly,Louisiana,23454,-109.006574,51.3984885
Diana Brown,72,7627 Simmons Field Apt. 886,East Charles,South Carolina,41573,-40.564261,-40.2943885
Maria Rosales,21,471 Hailey Square Apt. 787,Spencerland,Alabama,41915,-158.162168,11.5938025
Patricia Huffman,43,68120 Miles Center Suite 870,Mckinneyville,West Virginia,85387,-127.900234,-21.1886575
Zachary Jones,20,9723 Johnny Prairie,Laurenport,Vermont,31457,14.921520,-16.0006925
Brent Davis,45,469 Moreno Ways Apt. 540,Rodriguezton,Hawaii,53920,-156.258299,34.522508
Lisa Newman,69,822 John Crest,South Michele,Maryland,02652,-164.022774,-38.0245955
Mary Sullivan,43,4129 Terrance Locks,Roberthaven,West Virginia,21163,17.300555,-65.258994
Margaret Bryant,29,59998 Ashley Landing Suite 882,North Marcustown,Hawaii,45589,-136.638856,6.304681
April Prince,64,64890 Frost Radial,East Amy,Utah,36300,-50.307535,-46.1276575
Joseph Smith,79,39919 Ward Crossroad Apt. 522,South Chelseaberg,Georgia,95969,-54.556453,-24.020760
Jason Davis,79,332 Briggs Pike,Weisstown,Wyoming,08860,-13.024293,20.8747415
Melinda Moreno,71,77623 Wright Mill Suite 800,Obrienstad,Iowa,57345,-100.914660,28.869996
Kelly Brown,57,942 Robert Extension,Lake Derek,Oregon,79529,-39.993960,-5.659592
Lindsay Maxwell,31,89707 Richard Corners Suite 141,Newmanport,Maryland,76214,-135.972761,1.023033
Jeremy Meyer,60,0032 Timothy River Suite 935,South Brian,Montana,88456,-60.371692,-0.3022965
Jennifer Green,25,202 Douglas Plains,Juliaton,New York,84900,75.849729,14.0038695
James Strickland,78,2621 Romero Junctions Suite 334,Weberton,Alaska,86197,-140.889159,43.731135
Jesse Mason,28,205 Kline Ports Suite 169,Port Mark,Pennsylvania,10642,130.706803,42.435922
Jonathan Scott,37,28542 Moreno Crossroad,Port Susanburgh,Ohio,97076,-73.915093,-22.818777
Lori Frye,58,339 Benjamin Street Apt. 473,Walkerbury,Virginia,98261,150.541263,50.839545
Scott Mueller,30,5651 Jamie Land,Lake Richard,Idaho,45216,-166.482320,66.493434
Teresa Meadows,23,148 Melissa Shoals,New David,New York,41539,-134.280043,-30.6204655
Robert Pierce,38,10490 Johnson Crescent,Port Elizabethbury,Connecticut,33007,111.663634,2.2342235
Laura Schultz,27,697 Rachel Parkways Suite 629,Chanville,Florida,41971,-141.303501,82.5091485
Thomas Robertson,50,202 Patel Inlet Suite 030,West Benjamin,South Dakota,55367,-83.609028,17.890933
Meredith Harrison,67,693 White Stravenue,Anthonyside,Ohio,42707,-29.892172,-16.5492385
Megan Patterson,35,580 Elizabeth Flat Apt. 145,South Tina,Connecticut,63293,23.166452,-67.107226
Julian Bruce,27,8590 Laura Court,Leemouth,Pennsylvania,07381,11.582402,88.7216805
Jessica Hoover,57,523 Hall Point,Meganland,Connecticut,70540,150.661901,59.641293
John Meyer,18,72157 Shawn Lock,West Casey,California,27387,45.030403,-81.7725265
Shannon Garner Jr.,40,09826 Estes Inlet,Melendezview,Missouri,16039,105.933123,47.5419845
Michael Harrington,72,49919 Brown Drive Apt. 919,East Victoria,Alabama,91933,-71.718951,83.4415235
Adam Mendoza,77,46797 Yu Lights Suite 141,Williamsmouth,New Hampshire,82705,-171.074520,-89.6823355
Donna Allen,44,137 Todd View,Freyton,Maryland,94588,28.575929,-76.132266
Steven Keith,75,246 Brown Islands,South Dawnchester,Arizona,72481,-105.534196,-54.140348
Laura Willis,59,227 Aguilar Summit,Mcdonaldshire,Oregon,42929,-90.805866,46.101857
Heather Williams,72,01005 Lisa Pike,Coleburgh,Oregon,76231,84.682983,34.746788
Joshua Mcgee,77,500 Grant Branch Apt. 830,West Darren,Georgia,63909,35.343466,-79.358650
Kevin Powell,64,1383 Hensley Mall,North Natalie,Michigan,42669,28.476089,-50.724992
Amanda Sanchez,47,06854 Beth Cape,Port Brittanytown,Utah,75838,-28.349714,27.570136
Kristin Walker,37,5724 Andrews Ways Apt. 744,Port Christopher,Utah,47007,-117.524979,78.4014185
Jillian Watts,31,383 Brown Manors,Reidport,Hawaii,10785,54.178279,-41.6432635
Eric Bush,74,4578 Kristy Union,Taylormouth,Georgia,02639,120.845874,49.770153
Jordan Johnston,75,65515 Lewis Loop Apt. 122,Glassmouth,Vermont,96041,-168.759057,22.7473325
Peter Cooper,80,5201 Navarro Square Suite 612,Salinashaven,Kansas,14319,-58.722732,-50.9987235
James Randolph,26,041 Brian Fields Apt. 980,Tammymouth,Connecticut,12014,-120.191860,19.813154
Mary Matthews,30,874 Harper Ford,Wendyfort,Pennsylvania,33884,-43.501200,-88.902660
Deanna Banks,25,927 Garcia Brooks Suite 107,New Sara,Colorado,59540,69.774191,-51.1172115
Carmen Webb,80,326 Williams Falls Apt. 922,South Denisechester,Tennessee,28189,-101.080809,59.8993715
Brandon Harrison,34,93036 Roy Orchard Suite 939,Davischester,Michigan,42484,-94.708899,-57.2843455
Timothy Wallace,47,9965 Zimmerman Knolls,Alvarezton,Pennsylvania,69494,-91.473151,-61.112057
Brett Castro,51,399 Amy Cliff Suite 168,Port Eugene,Pennsylvania,99770,-39.986314,-64.888986
Thomas Mccormick,43,02331 Ramsey Burg,Harrisshire,Virginia,21232,104.961164,-30.1638465
Anthony Wilson,73,2427 Williams Vista,Jessicamouth,Alabama,87422,-73.518463,-22.974306
April Rodriguez,70,55068 Angela Square Suite 677,West Joseph,Washington,18028,-77.957633,-52.5366275
Elizabeth Wall,66,240 Raymond Row,Castilloport,Maryland,68903,-122.938892,13.8782185
Douglas Carroll,67,9755 Brandon Fort Apt. 515,Salazarton,West Virginia,10601,110.374608,22.9409025
Jeremy Wilson,24,20160 Derek Islands,Port Davidhaven,Alabama,52782,-110.149429,-24.8733925
Kevin Baker,21,367 Wolf Viaduct,Sanchezhaven,West Virginia,67464,-30.524912,-63.1181105
Jamie Gomez,57,79120 Benjamin Radial,Ashleyburgh,West Virginia,46561,-15.189565,63.6630395
Jennifer Lewis,51,352 Matthew Inlet,Smithbury,Minnesota,48467,20.198608,71.1671685
Emma Anderson,45,519 Ford Springs,Johnsshire,Vermont,38387,-167.860139,-3.7087995
Ashley Burgess,58,96851 Long Club Apt. 908,Michaeltown,New Mexico,90445,148.769726,77.2007285
James Foster,22,144 David Causeway,Conleychester,Texas,89154,-174.137667,86.500260
Bridget Gonzales,76,7251 Bradford Valleys,Heatherbury,Oklahoma,73127,43.969227,-60.925735
Tyler Gordon,52,5103 Duncan Via,West Mollyville,South Carolina,59705,-63.594889,19.953337
Chris Phillips,59,867 Micheal Brooks Apt. 654,Vanessahaven,Hawaii,80907,79.396526,87.6110575
Denise Macias,49,281 Richard Gardens Suite 725,Port Christopher,Hawaii,87734,-130.977254,27.376851
Christine Santiago,66,8973 William Land Apt. 532,New Robertside,Maryland,47017,146.168389,-57.389411
Keith Parks,66,2665 Scott Rapids,New Christinashire,Maine,00605,179.505238,85.8030905
Anthony Collier,61,014 Brandon Pike,Lake Davidburgh,New Mexico,17405,-10.072505,37.149706
Kimberly Singh,63,9550 Booth Harbor,Lake Danafurt,Florida,16868,-36.347604,-39.6164865
David Campbell,52,1221 Paul Vista Apt. 454,Lindseyville,Kansas,58095,127.812618,75.6276005
Kimberly Burke,77,40259 Michael Estates Suite 871,Jacquelineview,Minnesota,91819,140.551695,-46.713964
Bradley Golden,33,408 Pratt Underpass,Travisville,Wisconsin,15860,54.877444,51.096290
Garrett Lam,38,1584 Johnson Drive,East Gwendolyn,Arizona,51340,161.815560,-40.798879
Paul Vega,32,99402 Gabrielle Cliff Suite 884,South Michelle,Idaho,89653,-24.445330,-23.383061
Jason Powell,78,45874 Foster Stravenue Apt. 962,West Holly,Louisiana,26416,41.678976,68.283834
Jeremy Hardin,28,56885 Alec Drive,Griffinmouth,North Dakota,79873,7.867792,71.448508
Brandi Delgado,80,7371 Kendra Springs,Arnoldland,Arizona,76142,-104.184964,-60.7600105
Ricky Parker,61,254 Alex View,North Baileyhaven,Maryland,29528,-113.686657,49.072168
Angela Warren,19,862 Alexis Ridges Apt. 165,Hollandside,Texas,19381,151.149930,46.7285175
Paul Miller,39,2399 Nancy Crest,Evansfurt,Oklahoma,03517,-150.716528,88.059869
Gary Spencer,55,9802 Paul Harbor,North Gregoryville,Rhode Island,89096,117.530282,50.604167
Melissa Roberts,22,35525 Wilson Hills,East Adam,Texas,25542,20.465239,31.535612
Michael Lane,38,532 Joel Mountain Suite 981,West Todd,West Virginia,63313,-84.825299,-87.2613775
Jonathan Smith,48,183 William Estates Apt. 692,Georgestad,Ohio,93768,24.638932,47.9364805
Adam Ellis,39,08122 Smith Forges Apt. 539,Ryanton,Kansas,10166,-3.122455,-19.7095935
Jack Wyatt,50,58495 Holt Lane Suite 904,New Juan,Nevada,83266,-103.889264,-74.4256095
Tonya Martin,71,679 Peterson Drives,West Emilyberg,Virginia,18933,87.242174,-21.676513
Mr. Jeremy Price PhD,35,686 Evans Station,Goodtown,Iowa,34028,-51.324474,9.6176955
Heather Booth,43,5116 Jaclyn Brooks Suite 082,Lake Kristinburgh,Kentucky,20258,-53.821207,-50.064623
David Robinson,23,468 Greg Road Apt. 154,Malonetown,Kansas,57370,-97.781476,-79.9485035
Joseph Martin,37,0316 Pena Harbor Apt. 299,Melissaberg,North Carolina,58139,119.136623,44.763185
Jack Hubbard,29,07534 Jay Meadows,Rossfurt,California,45743,-172.144268,-60.378874
Rodney Wood,21,0954 Jessica Springs Suite 386,Lake Rachelchester,Indiana,55238,-4.349917,-82.5395665
Wanda Santana,28,5281 Gibbs Streets Apt. 569,North Joshua,Maine,41469,-133.746083,44.1278085
Terry Guzman,48,5683 Stephanie Bridge Suite 550,Gonzalezchester,Washington,62190,-154.380674,-15.7102235
David Mullen,73,03198 Campos Oval,New Wendyside,New York,02919,-12.090573,16.9333075
Jeffrey Allen,68,818 Santos Lights Suite 848,West Andrewton,Alabama,50484,-51.242610,-29.5207995
Richard Lambert,55,32116 Crawford Lake Suite 277,West Jessicaland,Nevada,54947,-115.711854,-57.951855
Bryan Bautista,30,784 Kelly Loaf Apt. 735,Lorihaven,Ohio,06812,-152.982243,14.2662955
Aaron Dalton,20,53292 Ann Wall,North Elizabethstad,Nebraska,32208,-27.758475,47.665467
Melissa Fisher,36,949 James Valley,Nguyenborough,Connecticut,24584,154.076507,-7.6849195
Michael Hernandez,45,730 Castro Stravenue Suite 751,North Patrickfurt,Wyoming,34533,122.574139,-4.1289285
Amanda Gillespie,57,791 Keith Drive Suite 926,Dannytown,Montana,24807,51.665544,29.1355535
Joshua Rivera,61,12853 Catherine Passage Suite 365,Davidside,Colorado,69420,-171.835231,-16.8738775
Kaitlyn Lyons,21,9681 Singh Plaza,Port Martha,Maryland,97983,-60.024455,-54.8502905
Heather Carlson,50,946 Kent Keys,Sydneyport,North Dakota,85800,-122.701296,9.4493045
Stephanie Smith,78,79737 Kelley Bypass Suite 794,West Cristianchester,Connecticut,83513,54.871164,31.472937
Justin Khan,54,4554 Chambers Lane,Port Nicoleside,Idaho,07681,-82.950373,-49.8581285
Amber Wall,45,09468 Lee Cape,Roberttown,Louisiana,43297,108.405985,30.460371
Jeffrey Ortiz,70,73823 Patrick Drives Apt. 952,New Haleyton,Ohio,92406,61.255948,30.043646
Carol Young,33,7586 Amanda Knoll,New Richard,Maryland,73392,91.837889,-9.8121195
Kimberly Hogan,47,7872 Helen Shoal,South Joseph,Wisconsin,67619,-32.909930,-80.681321
Rebecca Griffin,34,69933 Pamela Crest Apt. 781,Lake Deborahmouth,Iowa,13998,-62.713759,36.434531
Kenneth Gomez,23,3074 Woodard Village Apt. 605,South Melissa,Kansas,81662,-141.590379,60.5760205
Ronald Maldonado,55,492 David Row,Chavezmouth,Missouri,36748,111.295950,-6.705956
Brittany Friedman,77,9589 Jeffrey Harbor Apt. 558,Ortizbury,North Carolina,53272,-83.412470,-76.5634815
Sara Dunn,32,315 James Cliffs,Jamiechester,Hawaii,74608,-20.788747,-83.435174
Tammy Potter,18,20749 Schmidt Skyway,Simsborough,North Dakota,18122,133.913888,-65.8958785
Stephanie Barrett,76,357 Kimberly Dale Apt. 120,Timothyport,West Virginia,86151,-27.827443,-45.123181
Shannon Taylor,44,771 Michael Prairie,New Lisaberg,Massachusetts,19926,159.014655,-47.283791
Megan Parker,66,72013 Ward Drive,Douglasberg,Ohio,98735,-148.644405,-66.1737295
Dwayne Frey,40,50241 Gray Brooks Suite 391,Lake Danielleview,Delaware,20587,-179.013305,-89.4637955
Christopher Pearson,50,449 Smith Dam,East Jennifer,South Carolina,07970,147.847596,-7.0142475
Mr. John Jacobs,22,483 Garrett Parks,Novakhaven,Alaska,16991,-35.626347,-63.282051
Jean Valentine,53,9872 Parks Walks Suite 765,Michaelshire,Vermont,35988,-60.100005,14.292967
Jennifer Gomez,75,600 Atkins Burg,South Christian,Missouri,74542,133.133565,-6.8701315
Jennifer Harper,49,88630 Christine Place,Murraytown,California,32122,-172.283707,-84.963680
Michael Allen,55,86215 Thomas Row Suite 526,New Alyssaborough,Wyoming,65240,-112.986649,76.918949
Ryan Mcclure,20,3486 Vanessa Rue Apt. 797,Belindaview,Ohio,96332,-8.445164,-16.7575605
Donald Walker,42,2164 Jackson Plaza,Lake Garyshire,Arkansas,51446,-130.191402,85.1360245
Daniel Porter MD,40,035 Trujillo Crossroad Suite 189,Porterview,Oklahoma,27140,7.764115,74.8740815
Todd Johnson,36,82551 Victoria River,Edwardland,Alaska,07246,54.835894,36.788897
Joshua Davis,50,948 Powell Corner,Port Kellyview,Massachusetts,97037,-168.659789,52.5942435
Robert White,54,9379 Joshua Haven,Nathanview,Rhode Island,77065,3.564591,60.5736905
Larry Harris,75,67661 Corey Circle Apt. 397,Collinsshire,Indiana,94039,21.706187,26.069815
Edgar Bailey,40,48365 Cuevas Garden Suite 659,North Eric,Oregon,14418,65.682750,-68.409580
Amanda Washington,70,1242 Wallace Inlet Suite 883,Fullershire,North Carolina,99068,-157.487501,-19.363256
Maria Harris,31,95071 Rodriguez Road Apt. 470,Michaelshire,Oklahoma,55744,-164.464418,-59.3176605
Scott Phillips,67,97440 Jennifer Field Apt. 978,East Andrea,Wisconsin,64080,71.245129,-83.307325
Kevin Kelley,34,358 Smith Circles Suite 236,Johnborough,Alaska,97744,94.836769,89.642795
Kevin Stevens,75,244 Tyler Circle,Garnerbury,Nebraska,24246,-136.901082,-27.0910745
Donna Carroll,39,5638 Stephanie Port Suite 817,West Edwardside,Maryland,20955,-3.653819,0.144115
Amanda Hatfield,52,941 Annette Mews Apt. 424,West Dustinport,Texas,15236,-110.155256,-31.950285
Patricia Green,71,82839 Philip Roads Suite 775,Williamsville,North Carolina,92668,80.145138,20.3805485
David Walls,61,63511 Angela Street Apt. 807,Lake Gina,Oklahoma,71202,-22.773401,-2.676192
Shelley Armstrong,42,92425 Moore Estates Apt. 659,Lake Philipville,Wyoming,26454,67.464824,35.4674425
George Wagner,41,547 Patricia Canyon,Paceville,Missouri,12349,85.354270,-35.769430
Stephen Williams,43,5237 Glenn Estate,Gonzalezfurt,Arkansas,63712,96.178923,-66.9652335
John Berry,80,023 Veronica Motorway Suite 662,Davidland,Indiana,69531,0.175269,-20.6424025
Tammy Price,40,04378 Angela Throughway,Hebertbury,Utah,42695,64.973462,76.090577
Mr. Michael Russell MD,72,774 Rachel Curve Suite 931,Martinezside,California,72512,-155.135325,1.3229225
Aaron Mack,74,5225 Michael Cliff,East Stacymouth,Connecticut,12308,-9.367548,-71.369307
Matthew Yates,69,4052 Smith Ports,Jaimeview,California,56368,10.692584,34.5106905
Erica Williams,45,89678 Nathaniel Rapids Suite 847,Melissamouth,Nevada,20077,154.517226,19.4439415
Isaac Johnson,79,38547 Jennifer Street,Webermouth,Delaware,40819,87.977663,-29.406305
Lynn Tate,63,7529 Juarez Route,West Linda,Alabama,77731,66.630645,-84.2276195
Harry Orozco,46,70992 Sutton Ports Suite 523,New Robertview,New Jersey,03163,-71.021052,-66.1075045
Bethany Manning,34,981 Scott Roads,Port Robertside,New Jersey,50091,41.384093,-55.4100795
Jimmy Williams,19,7561 Robbins Rue Apt. 736,New Alexandratown,Nebraska,82618,-71.410612,-86.9701505
Carlos Harding,28,8051 Murray Street Suite 987,New Josephport,Minnesota,39428,119.836887,-46.8225985
Meagan Harris,33,8106 Thomas Flats Suite 848,East Elizabethport,Michigan,14492,122.699003,-80.221676
Tiffany Donaldson,57,52754 Turner Corner,Lake Mary,Nebraska,36818,82.612276,4.058356
Jeremy Jackson,80,8248 Martinez Light Suite 191,East Martinberg,New Jersey,13735,114.349960,15.911258
Douglas Bates,48,7468 Harris Green Suite 785,New Patricia,West Virginia,02895,-78.664145,0.0959935
Jacqueline Miller,41,6800 Best Court Apt. 814,East Michael,New Mexico,14494,44.247172,10.3315035
Laura Hall,44,31751 Stewart Rapid Suite 590,South Karenview,Nebraska,25930,-92.399729,11.2461925
Amber Durham,57,395 Miller Well Apt. 829,East Monica,New York,14315,83.316791,-34.5476455
Amanda Steele,37,65027 Bradley Trail Apt. 919,Churchville,Nebraska,97013,116.253977,75.010025
Connie Short,36,474 Glass Ridge Suite 033,Jonesmouth,North Dakota,72733,-146.510667,-4.081351
Lance Wiley,20,253 Jensen Spring,Samanthaside,Idaho,45934,-4.443704,34.462312
Shane Williams,41,5843 Gray Parkways Apt. 540,South Kathleen,Massachusetts,51596,-63.552970,-38.479067
Ernest Hall,34,580 Cooper Burg,Katherineland,Michigan,74233,-93.813754,0.852413
Kurt Dalton,29,971 Adams Centers Apt. 719,Ginabury,Connecticut,71142,-61.094018,-47.432643
Carol Heath,27,2281 Eric Knolls Suite 818,Lake Nicholas,Connecticut,71893,-59.787301,-57.7181535
Gregory Odonnell,63,278 Nelson Spurs,Arthurhaven,Connecticut,87531,-25.924751,19.9533055
Nicole Carroll,34,5297 Gordon Forge,Port Joshualand,Kentucky,47842,-50.314366,62.9507155
Anthony Atkinson,43,423 April Curve,East Meganhaven,Utah,92112,123.755487,69.9890865
Robert Stevens,44,08569 Matthew Key Suite 152,Lake Jason,Rhode Island,32916,-32.814663,-7.5748565
Michael Turner,65,2066 Jones Alley,Jonesshire,Idaho,64430,-100.379218,85.8656255
James Gray DDS,47,674 Burton Club,Port Markton,Nevada,77660,98.893048,-30.5252395
Lisa Schneider,41,43235 Johnson Keys,Robertbury,Massachusetts,84181,-52.144695,68.2660465
Tracy Wells,53,73692 Cynthia Plains Apt. 773,Grantstad,Oklahoma,18305,169.658048,68.150908
Melissa Walker,58,71280 Jay Mill,West Greg,Massachusetts,43934,-12.493548,-30.3234115
Mary Pena,65,59497 Erin Route Suite 238,Kelseyfurt,Montana,69724,80.845884,-48.393897
Amy Davis,62,614 Nicole Hollow,North Ashley,Kentucky,33873,23.565403,-29.598776
Richard Cervantes,76,856 Tucker Forest Suite 602,Michaelshire,Pennsylvania,34235,177.553486,-38.8239795
Joseph Jordan,46,75825 Brown Ford,Lynchburgh,Texas,66933,97.376550,-65.806572
Brent Johnson,23,7625 Tiffany Forest,Port Peterville,Iowa,00811,77.096219,-56.8133595
Bridget Garza,30,9090 Suzanne Streets Apt. 585,West Matthewview,Florida,67289,159.677092,84.703280
Anne Gonzales,32,704 Ayala Motorway Suite 145,Crawfordtown,Vermont,52374,136.267019,76.686519
David Reed,35,97758 Baldwin Forges Apt. 650,Browntown,South Dakota,66457,13.640611,-53.522457
Daniel Garrett,40,4853 Kelly Ranch,Lake Brenthaven,Idaho,87442,23.521174,83.1773315
Cynthia Fuller,28,645 Morris Way,Mirandaberg,South Carolina,19252,21.036132,-77.4160735
Leah Davis,37,31362 Sharon Lights Suite 584,Millerborough,Texas,60797,-63.653530,-73.0926665
Latoya Sullivan,70,1200 Charlotte Glens Apt. 401,Gallaghershire,Minnesota,52758,23.770774,-42.3944125
Cynthia Aguilar,52,271 Fitzpatrick Estate,Butlerport,Alabama,18606,-35.990228,8.931444
Alan Whitney,41,301 Castillo Curve,South Kim,Florida,15633,48.845082,-64.0519415
Russell Romero,53,933 Ryan Junctions Apt. 070,Port Katiechester,Idaho,96511,91.007884,38.2970895
James Rosario,19,6440 Anderson Port Suite 062,Markberg,Missouri,16709,92.429091,-13.5023665
Chase Little,22,72795 Thomas Parks Apt. 435,Martinezmouth,South Dakota,93642,-126.617040,-30.3750335
Donna Smith,25,0592 Brown Viaduct Suite 668,Port Lisaport,Alabama,20434,148.452990,-27.670803
Isabella Ramirez,79,863 Andrew Course Suite 934,Ayersport,Rhode Island,88469,93.974998,21.815131
Renee Case,79,12040 Amanda Underpass,Samanthaborough,New Mexico,17676,-48.255989,-63.847107
Eugene Rogers,27,465 Reyes Center Suite 368,North Eric,West Virginia,95632,-94.546725,-76.961982
Heather Elliott,50,9375 Winters Mission,East Matthewstad,South Dakota,14708,25.873710,-14.8232855
Katherine Escobar,30,739 Michael Turnpike Apt. 338,Hernandezbury,Wisconsin,18838,-52.269968,88.9614465
Angela Ball,24,729 Jacqueline Stream Apt. 780,South Megantown,Nebraska,24241,58.345025,44.928867
Ashley Herrera,79,227 Marc Trail Apt. 344,East Lauraview,Kansas,39273,-104.918411,29.802304
Brianna Li,61,5757 Cooper Skyway,Lisaburgh,Maine,33048,-92.114314,-38.587911
Christopher George,20,04478 Carlos Springs,Lake Jamesberg,Hawaii,78296,60.899900,-12.1511255
Vickie Robinson,35,04630 Butler Flat,Port Mathew,Maryland,79404,28.167663,-25.4919565
Tanya Hicks,63,040 Jillian Squares Apt. 616,West Carrie,Montana,33396,75.849444,12.3616125
Jose Hardy,27,3026 Sarah Shore Suite 597,West Frank,Minnesota,89253,-31.369735,-23.663727
Andrea Kemp,23,41130 Erin Bypass Suite 471,Juanborough,Idaho,78317,151.351996,78.027785
Melinda Castro,23,129 Stewart Islands,South Garyborough,Montana,83758,17.067559,51.545292
Bryan Lucas,74,774 Ross Fords Suite 593,Armstrongport,Louisiana,49792,20.345793,-46.1559935
Maurice Landry,21,4630 Morris Harbor,Hammondville,Alaska,45926,-10.293678,18.893713
Matthew Hopkins,39,337 Lopez Causeway Suite 033,West Davidview,Maine,92802,-40.161897,76.099526
Tammy Hicks,80,49694 Matthew Plains,East Alexander,Texas,96930,-113.048293,-26.9594205
Brenda Sanchez,72,2787 Sarah Wells Suite 809,New Lynn,Nevada,69310,-60.464356,-6.399733
Kelly Rivera,68,274 Patricia Turnpike Apt. 798,Timothyland,Kentucky,09207,-46.334859,53.6820435
